"fns_1","fns_2","fns_3","fns_4","fns_5","variable","replicate"
-47.9002392906363,-44.7266884467085,-44.2096186013915,-42.7965048446005,-42.0031704894148,"posterior",1
0.0888035770392374,0.121760596736193,0.155351916452179,0.171733797084342,0.231315003570251,"TTBirthRate.1",1
0.0117938622409774,0.0369498130509225,0.0950566401670457,0.107136030203902,0.224639758866176,"TTBirthRate.2",1
0.00249535483594413,0.00611948817348449,0.0105244507042014,0.0132370953050126,0.025715081867136,"TTSamplingRate",1
0.0117159113257384,0.0298147491639415,0.0520228451727964,0.0599895363024046,0.103567159287438,"TTNuProb",1
0,1,10,10,36,"HistorySizes",1
0.0117849470228878,0.0302659347909436,0.0534121717432678,0.0618445492176022,0.109223123607714,"ApproxOmegaRate",1
0.643498172189511,0.996669454423097,1.40675162348417,1.58694375106671,2.40758835238269,"R0.1",1
0.140406578348558,0.307843260598614,0.836591076186862,0.946898466753705,1.99121018719347,"R0.2",1
-141.823086280158,-138.802075539811,-138.424272209386,-137.050817968648,-136.357647720916,"posterior",2
0.157946201387782,0.177746100041435,0.189248580788942,0.198309712828717,0.215265896838578,"TTBirthRate.1",2
0.050705621942571,0.0786727182916417,0.0942020435853575,0.108345690325213,0.134405883105982,"TTBirthRate.2",2
0.00614845217729628,0.00794152297664516,0.00979333385112808,0.010836212735324,0.0146876992308693,"TTSamplingRate",2
0.0369348142382898,0.0459003742413501,0.052758068786407,0.0576582359417291,0.072870050580373,"TTNuProb",2
53,86,110,126,170,"HistorySizes",2
0.0376297379284003,0.0469785405373382,0.0541874822442081,0.0593698153524328,0.0756254663597735,"ApproxOmegaRate",2
1.33016175426175,1.61622784311051,1.72214151997773,1.88978074583376,2.10693128720595,"R0.1",2
0.509065661651427,0.751980659149515,0.84983691623117,0.992603592235971,1.24343511416023,"R0.2",2
-127.386867037813,-124.06906245421,-123.718852120936,-122.397583746799,-121.711435790251,"posterior",3
0.139280749268064,0.164670037347511,0.175884091094052,0.188326291943344,0.210666535048998,"TTBirthRate.1",3
0.0529097099272942,0.0809513801093328,0.10138620746936,0.115345688770199,0.152099711061949,"TTBirthRate.2",3
0.0028884939321197,0.00526909778176484,0.0068997808008125,0.00811912666153506,0.0117863503060121,"TTSamplingRate",3
0.0208360222666162,0.028235609209996,0.0354704608628475,0.0396319016508713,0.0549442621866607,"TTNuProb",3
55,89,127,144,224,"HistorySizes",3
0.0210553774230253,0.028639942319562,0.0361108959231294,0.0404331224163933,0.056496336961973,"ApproxOmegaRate",3
1.34999527169565,1.76204056882457,1.96790016027383,2.21890867041602,2.66938401895315,"R0.1",3
0.61298202850999,1.00145534457171,1.13713269431914,1.32881039111425,1.63146026762493,"R0.2",3
-125.000262655603,-121.942223363411,-121.575199659503,-120.124903095885,-119.49498059568,"posterior",4
0.174745207301839,0.18582226858847,0.193834164600947,0.1989233129037,0.213770376605472,"TTBirthRate.1",4
0.0625766604936326,0.079871351691172,0.0897002874684728,0.0977893056845259,0.118249429631098,"TTBirthRate.2",4
0.00904047187118945,0.0112435597710851,0.0126833939387518,0.0137675495224868,0.0164049835124618,"TTSamplingRate",4
0.0422833778421647,0.0484767660205484,0.0525813497481905,0.0556340766197745,0.0636018709939338,"TTNuProb",4
155,205,231,256,316,"HistorySizes",4
0.0431966275032789,0.0496809519625313,0.0540010744391213,0.0572259325786334,0.0656909031683273,"ApproxOmegaRate",4
1.45545176368046,1.651807221668,1.72046124633741,1.82802148339983,1.97757937764155,"R0.1",4
0.601525200850006,0.729097676256691,0.79582520147728,0.873931748793547,1.04365778309451,"R0.2",4
-11.756626467463,-8.85555234132279,-8.36591084725553,-7.16698072939554,-6.32141922327144,"posterior",5
0.180738643176366,0.198782799484959,0.208609465095968,0.217698068446061,0.234613459976822,"TTBirthRate.1",5
0.0692059322756293,0.0831317142269773,0.0989734411070174,0.107235687398414,0.139408771192953,"TTBirthRate.2",5
0.00492589435755868,0.00674694264419477,0.00798978237468156,0.0090797173095419,0.0115986873199146,"TTSamplingRate",5
0.0363880841221416,0.0450112524964844,0.0495903777695208,0.0558168772184527,0.0669215095939976,"TTNuProb",5
120,155,210,221,311,"HistorySizes",5
0.0370623989678468,0.0460475821704477,0.050851243968751,0.0574193619565994,0.0692382745202882,"ApproxOmegaRate",5
1.59198171837177,1.8545857395579,1.98400804313757,2.16955840431281,2.4545582579391,"R0.1",5
0.640187269964348,0.851101681079442,0.938596604704327,1.04076433219838,1.19833557933892,"R0.2",5
-33.6598176430992,-30.4547604141466,-30.1810564598062,-28.7783884593862,-28.2864378913743,"posterior",6
0.203547701959875,0.233437595856851,0.248395819862352,0.264157342854517,0.292113062254523,"TTBirthRate.1",6
0.0143029640657445,0.0364044074238072,0.0531260437162427,0.064162683328472,0.0972591478562112,"TTBirthRate.2",6
0.0030402897369233,0.00462703052919437,0.00605173307257698,0.00694739318914238,0.0102882278378807,"TTSamplingRate",6
0.0247303894651261,0.0379548710813737,0.0451236786478566,0.052049828487853,0.0668944994892036,"TTNuProb",6
46,71,99,114,174,"HistorySizes",6
0.0250400141157737,0.0386890908083163,0.046165251637654,0.0534406159346961,0.0692093623152256,"ApproxOmegaRate",6
1.77538279094257,2.14890138624267,2.52916552135304,2.70783799582421,3.34302521123295,"R0.1",6
0.165976160108258,0.349816439251217,0.533863051352422,0.609202489476838,0.91320998814298,"R0.2",6
59.3298015807153,62.2581928227776,62.6490979459899,64.0026619359381,64.7371042991159,"posterior",7
0.167853524752762,0.176722294327403,0.183701894383875,0.188774933882518,0.201265986297792,"TTBirthRate.1",7
0.0581157737080376,0.0780603238166277,0.0872717615686976,0.0975421760613861,0.116373781815673,"TTBirthRate.2",7
0.00569778491877765,0.00697477120704223,0.00818086663023158,0.00869434930722556,0.0106496388023849,"TTSamplingRate",7
0.0349261023319306,0.0405785316722118,0.0448157600952093,0.0478835546554297,0.0565677412284111,"TTNuProb",7
232,294,335,369,462,"HistorySizes",7
0.0355468589485383,0.041418890553284,0.0458430046443005,0.0490580925842031,0.0582142659957355,"ApproxOmegaRate",7
1.56470003247958,1.71057883930779,1.83936724333046,1.90026895583333,2.10756605407797,"R0.1",7
0.609890414766492,0.76343461187672,0.87442742052697,0.942497430458839,1.13005186279395,"R0.2",7
-101.608773106091,-98.6961774378245,-98.4395167815571,-96.9134253837005,-96.4250666076223,"posterior",8
0.144601167556651,0.162050614447391,0.178040167467682,0.184900689734915,0.20876529327592,"TTBirthRate.1",8
0.035882798619928,0.075669965031395,0.0945219248121746,0.111461921797167,0.144866637591853,"TTBirthRate.2",8
0.00302902955654395,0.00448712112470293,0.00589913856529691,0.00683425577926227,0.0103210630285687,"TTSamplingRate",8
0.0257971896828067,0.0333472674609569,0.0437364576975027,0.0471192389806557,0.0649045956594166,"TTNuProb",8
42,72,101,114,182,"HistorySizes",8
0.0261342852395817,0.0339127156606891,0.044714279800998,0.0482561351631739,0.067081545968049,"ApproxOmegaRate",8
1.37234811233887,1.5997266269483,1.834929381372,1.96221944347059,2.46452249236465,"R0.1",8
0.50650651888728,0.789970529272284,0.966269525953167,1.11397611614873,1.49915911931145,"R0.2",8
-130.041130889455,-127.339651821406,-126.769278705705,-125.646067762767,-124.807036829687,"posterior",9
0.150424070276208,0.176382256287797,0.190030682185356,0.207351009284719,0.240871826666348,"TTBirthRate.1",9
0.0904901351639967,0.127550205431511,0.156553303961857,0.171745221164637,0.217715786445849,"TTBirthRate.2",9
0.00534980170967866,0.00796628283836215,0.0109139319733047,0.0124399307740806,0.0183652542877786,"TTSamplingRate",9
0.032822091808671,0.0425700324079563,0.0537084914695941,0.0588232263798699,0.078741328930349,"TTNuProb",9
35,61,89,100,163,"HistorySizes",9
0.0333697238790653,0.0434958421121184,0.0551905932222332,0.0606057389303804,0.0819684825536898,"ApproxOmegaRate",9
1.19841363504202,1.48923065452409,1.681418830995,1.87122069236169,2.31998281713278,"R0.1",9
0.835075052616432,1.19668978905509,1.37177731802172,1.55072375302792,1.88978961961341,"R0.2",9
-95.4753482932253,-92.2671511133069,-91.909027446492,-90.5046622908004,-90.042332664256,"posterior",10
0.114329536116309,0.157183107650911,0.187600019906874,0.207599616185415,0.259675490385026,"TTBirthRate.1",10
0.0305495197051937,0.071215420595901,0.108580691366307,0.129848897306209,0.198871150297498,"TTBirthRate.2",10
0.00668605928641005,0.0133713145881664,0.0197671909820733,0.0234257259826253,0.0379394905204995,"TTSamplingRate",10
0.0195950204668776,0.0316643610413471,0.0479069718639429,0.0528054535909321,0.0821747673315623,"TTNuProb",10
1,6,18,19,46,"HistorySizes",10
0.0193144400349218,0.0321737415251996,0.0490826729806894,0.0542374707122241,0.0852081949847511,"ApproxOmegaRate",10
0.882440910484137,1.28511910722016,1.62581325086866,1.86677423359432,2.63885410093173,"R0.1",10
0.286239508936813,0.688634849024259,0.920888269894414,1.20284143856379,1.71277743534788,"R0.2",10
-107.777702554004,-104.819569504732,-104.09721545505,-102.835774865181,-102.005330996466,"posterior",11
0.146401810024097,0.176378156381349,0.194148742763784,0.208008378227061,0.244711662689607,"TTBirthRate.1",11
0.0175515814723721,0.058356935751266,0.0800056708722043,0.105553170419667,0.152205524011427,"TTBirthRate.2",11
0.00419196848882808,0.00642169172419903,0.0094014132584728,0.0106646858725294,0.0169257971642054,"TTSamplingRate",11
0.0308868297424329,0.0460438758222807,0.0596463992147271,0.0667941542438437,0.088024332114998,"TTNuProb",11
10,17,35,36,73,"HistorySizes",11
0.0313713098962136,0.0471288738294032,0.0614799273602377,0.0691019576528518,0.0920768329780778,"ApproxOmegaRate",11
1.09876264696518,1.40815612558753,1.65979373927298,1.82397214917676,2.29699035210236,"R0.1",11
0.212429539005397,0.477052683392229,0.686094196395608,0.851390448710886,1.27420298530524,"R0.2",11
-107.744219413652,-104.337783995736,-104.02052294857,-102.547026729179,-102.004075585648,"posterior",12
0.118701739484604,0.156883314542218,0.180128827537082,0.1981769680474,0.245664743559015,"TTBirthRate.1",12
0.0539983707902128,0.10757400141336,0.144194333017974,0.173690673732214,0.254839727135721,"TTBirthRate.2",12
0.00697619956070352,0.0116289623228536,0.0184974439444197,0.0211180309475027,0.0338476817848868,"TTSamplingRate",12
0.0434215395495933,0.0620069961575445,0.0787540733031161,0.0888827162891202,0.120485975730181,"TTNuProb",12
1,7,16,17,38,"HistorySizes",12
0.0443851758846385,0.0615933817855464,0.0819822930617889,0.0905798776265955,0.12820971184505,"ApproxOmegaRate",12
0.783293626705122,1.06463500465904,1.23350085360915,1.39791200822455,1.76292511723562,"R0.1",12
0.386138529583671,0.657898540006109,0.982830130582338,1.09909994863895,1.69171276102145,"R0.2",12
-94.3126393094906,-91.1038325366503,-90.5241811480866,-89.3697117337696,-88.6031141956881,"posterior",13
0.12866454966171,0.156238947885653,0.178317060079176,0.189994246586701,0.233969531787631,"TTBirthRate.1",13
0.0723018956800596,0.120116412033673,0.151558272710297,0.178358020151963,0.252869380487541,"TTBirthRate.2",13
0.00339999249932908,0.00658279525734044,0.00950573173820872,0.0112511037787866,0.0186011554288898,"TTSamplingRate",13
0.0296086129328896,0.0480247560746179,0.0647986213665098,0.0707926657493032,0.107154256728785,"TTNuProb",13
11,23,42,46,88,"HistorySizes",13
0.0300535346705524,0.0492063167543468,0.0669683497355364,0.0733904173931612,0.113220273875674,"ApproxOmegaRate",13
0.91635419595394,1.21234971051556,1.44741219108118,1.61233165292951,2.10798440004213,"R0.1",13
0.599144474084722,0.979086482056439,1.23247748219762,1.42433372461058,1.87463792282957,"R0.2",13
-129.717998035769,-126.571511722862,-126.20413652302,-124.78936192022,-124.137721581347,"posterior",14
0.153879243417904,0.180612485378808,0.196119785725914,0.210870689242547,0.242245645357855,"TTBirthRate.1",14
0.0673927772634477,0.0962576353140309,0.116249670977414,0.133087627604979,0.173307753611156,"TTBirthRate.2",14
0.00464661364854903,0.00715509261610242,0.00956742209946929,0.0108245595199993,0.0155513265027273,"TTSamplingRate",14
0.0246813022846764,0.0364370721902803,0.044638636926687,0.0506765403053383,0.0665647784929838,"TTNuProb",14
36,74,100,117,174,"HistorySizes",14
0.0249896913477538,0.0371132207419749,0.0456576853462286,0.0519939777601365,0.0688564868918648,"ApproxOmegaRate",14
1.30741238311041,1.64328624507016,1.92654442991341,2.08553175848746,2.64583544494503,"R0.1",14
0.697048578058156,0.990284349842408,1.14466186058642,1.32195951947215,1.66566294583025,"R0.2",14
-104.944951556195,-101.643084711866,-101.194655689284,-99.9702618653127,-99.2212966402317,"posterior",15
0.157669803226135,0.17847043321232,0.191772443778846,0.201888884846879,0.233328697640397,"TTBirthRate.1",15
0.0441640764054833,0.0771729996462019,0.0943731104988089,0.114209570417896,0.15060956461455,"TTBirthRate.2",15
0.00377240762000131,0.00612008378823031,0.00784498731873224,0.00926788562294972,0.0127603209936562,"TTSamplingRate",15
0.0279851279786013,0.0432085360330189,0.0505069742572825,0.0586138841898393,0.0715444811163221,"TTNuProb",15
35,61,90,99,158,"HistorySizes",15
0.0282077988961871,0.0441626374896615,0.0518154962242456,0.0603835411333197,0.0740166316364552,"ApproxOmegaRate",15
1.30420484774512,1.6319975044565,1.81089477691855,2.00410303823128,2.35202492381905,"R0.1",15
0.494675620749033,0.748117797014696,0.893220721025915,1.0491532695263,1.35894199581389,"R0.2",15
-73.2987976991597,-70.4246369661372,-70.1340166382238,-68.4368447925261,-67.7838760622036,"posterior",16
0.106325584554177,0.150968222808979,0.177711244053843,0.198993762882136,0.251904321203965,"TTBirthRate.1",16
0.0191744220817838,0.0689155765947411,0.117721685141976,0.15106909016867,0.230007818014677,"TTBirthRate.2",16
0.00368224368026823,0.00780194887768401,0.0134150171918836,0.0158524083478967,0.0278059420850715,"TTSamplingRate",16
0.0261997325670974,0.0513900880517169,0.0747754942907489,0.0851413204540929,0.131256259313921,"TTNuProb",16
0,1,9,9,29,"HistorySizes",16
0.0265475012840812,0.0527453829898006,0.0776797657301809,0.0889270016252933,0.140475396873552,"ApproxOmegaRate",16
0.6648063339231,1.04899231666343,1.28585493732253,1.50944931516987,1.99992103822829,"R0.1",16
0.181627866845678,0.502640587795134,0.826599488551124,1.0024750131185,1.57475161632207,"R0.2",16
-79.2519621485812,-75.9861031661146,-75.608415822652,-74.1180568383135,-73.6149194138948,"posterior",17
0.150046152871868,0.182124923036464,0.21119202441804,0.228256560361287,0.289536974876247,"TTBirthRate.1",17
0.0206852264895586,0.0605106246169013,0.0841679402519654,0.112357030553714,0.164522402660044,"TTBirthRate.2",17
0.00207596486025051,0.00560443968398017,0.00812758799912684,0.0100811500662405,0.0159516790652313,"TTSamplingRate",17
0.0156347560753609,0.0294916311430419,0.0416851115403081,0.0495403875169133,0.0757187099659491,"TTNuProb",17
9,22,41,47,98,"HistorySizes",17
0.0157579418640076,0.0299330179045616,0.042572429782317,0.0507986806800316,0.0786981719960591,"ApproxOmegaRate",17
1.19984234310274,1.54212471969257,2.15142593345301,2.31209650999549,3.44686971390212,"R0.1",17
0.266298248102094,0.626235159610731,0.862132752848258,1.0997336562017,1.57123113934678,"R0.2",17
-60.1103421053646,-56.6376678897401,-56.3116989225212,-54.644264177374,-53.9096149822677,"posterior",18
0.0752745243687047,0.101969537082406,0.12394116932325,0.139854883874587,0.187867014952881,"TTBirthRate.1",18
0.00697070066638403,0.0167554403606621,0.0673811222682101,0.0705730839794069,0.190389735198595,"TTBirthRate.2",18
0.00702903297213559,0.0130461072779306,0.0215825259536908,0.02443381426652,0.0457236967891253,"TTSamplingRate",18
0.0218971553417435,0.0363202818366555,0.0530739965326828,0.0615921488626828,0.0918154550570423,"TTNuProb",18
0,0,2,2,10,"HistorySizes",18
0.0221395519458206,0.036992062911997,0.054520815314154,0.063549215224799,0.0962333075177348,"ApproxOmegaRate",18
0.548039430811619,0.808552423416912,1.00963315991834,1.17049259371689,1.55979391966783,"R0.1",18
0.0360423613945969,0.129413671676192,0.551804105984158,0.579213702981331,1.66884078815887,"R0.2",18
26.1273147280468,29.2209882939144,29.6618337098128,31.013416563326,31.6848458531485,"posterior",19
0.181332633139679,0.201571910845292,0.209750825796814,0.222554482433912,0.244583623561901,"TTBirthRate.1",19
0.0515371314750491,0.0709295217871574,0.0888895601595173,0.099597678204392,0.13311306591144,"TTBirthRate.2",19
0.00337463982885794,0.00512386294377969,0.00627262526774503,0.00718847258096511,0.00943987568291822,"TTSamplingRate",19
0.0321809596610407,0.0407715794482781,0.0474500535774608,0.0526810843503338,0.0679123947052176,"TTNuProb",19
110,145,192,208,306,"HistorySizes",19
0.0327072347622955,0.0416200367661028,0.0486031649683521,0.0541062729139652,0.0702994983448031,"ApproxOmegaRate",19
1.56357442677552,1.87982077163674,2.07879032223341,2.22946452983154,2.61587064886509,"R0.1",19
0.559897918980275,0.758173181997829,0.880355523515292,1.00690686003197,1.21811004103054,"R0.2",19
-97.3831802932861,-94.2843881439474,-93.8777310181713,-92.4845775461775,-91.697308928441,"posterior",20
0.156364831173346,0.190721544273672,0.204361140803431,0.224120252616024,0.251634879018186,"TTBirthRate.1",20
0.0301709378754075,0.0548943995178353,0.0823714023025907,0.094525735988796,0.151187216567997,"TTBirthRate.2",20
0.00291213156659866,0.00534838201959939,0.00833869301807146,0.00920259502387012,0.0144361150330297,"TTSamplingRate",20
0.0277353740853914,0.043891413257894,0.0529684936741139,0.0614618406796107,0.0801367778741432,"TTNuProb",20
15,32,51,57,100,"HistorySizes",20
0.028125408447692,0.0439875004239716,0.0544094879841643,0.0625093936827245,0.0834817573987464,"ApproxOmegaRate",20
1.22646790990591,1.5617631961583,1.8728938750868,2.0249625963104,2.60448588820716,"R0.1",20
0.320745245173676,0.561363305963508,0.760311416209821,0.882424563561982,1.24878726370847,"R0.2",20
-148.616043100394,-145.358290651309,-145.089711900289,-143.648702177988,-142.932044305386,"posterior",21
0.160947404613582,0.179799339309007,0.19154092382044,0.200605686106271,0.21927105345743,"TTBirthRate.1",21
0.0527625302288344,0.0786396356132931,0.0937290128401412,0.108725404784303,0.142374858744838,"TTBirthRate.2",21
0.00553340467369917,0.00744523644454205,0.00918309010874763,0.01026012208536,0.0139017319296753,"TTSamplingRate",21
0.0321083710905843,0.037729053561322,0.0456530644773704,0.0491497080079721,0.0635125023490683,"TTNuProb",21
79,103,139,149,222,"HistorySizes",21
0.0326322553731055,0.0384544791123738,0.0467195088523644,0.050387985392549,0.0655955718031875,"ApproxOmegaRate",21
1.39635269788236,1.71470858010504,1.87928743719808,2.03933639400105,2.34177675096458,"R0.1",21
0.545192468705439,0.771360668074047,0.914525732334782,1.02922319800992,1.29959037719831,"R0.2",21
-5.01570012362658,-1.7944950718612,-1.60060911942953,-0.097428678647145,0.424996357698283,"posterior",22
0.160641597250303,0.176095450849196,0.180936273358288,0.189367671559128,0.203043149387969,"TTBirthRate.1",22
0.0766673021461782,0.0951369020495163,0.107189028011366,0.116637681717165,0.140991590946678,"TTBirthRate.2",22
0.00606589235353727,0.00724119965936579,0.00871309171501171,0.00924648789608674,0.0119377864272539,"TTSamplingRate",22
0.0376131749953275,0.0450599156230837,0.0501625169670795,0.0539005933596038,0.0641501275330742,"TTNuProb",22
168,215,261,281,364,"HistorySizes",22
0.0383341087659798,0.0460985131802086,0.0514530235505095,0.055393463638791,0.0662759322873785,"ApproxOmegaRate",22
1.42064786474524,1.59402656150182,1.70986398501721,1.80561747607382,2.02437584117533,"R0.1",22
0.728445787303987,0.906917906387922,1.00902992808678,1.07335210747884,1.24546695732685,"R0.2",22
-71.8909117095713,-68.0202537573771,-67.9121414152583,-66.1519666457928,-65.8101940343587,"posterior",23
0.122446365067965,0.16660091131992,0.193690404589292,0.217236033592142,0.273398093995456,"TTBirthRate.1",23
0.0178190833582881,0.0661244876681707,0.109978433748571,0.133488577228333,0.220586598951468,"TTBirthRate.2",23
0.00233479807617563,0.00737975271175264,0.0119459847124664,0.0143921559216507,0.0245593147304312,"TTSamplingRate",23
0.027710804403088,0.045238197506753,0.067870932926124,0.0766176183427191,0.119791923220966,"TTNuProb",23
0,3,13,14,38,"HistorySizes",23
0.0281001431888911,0.0462851253273446,0.070255071550589,0.0796696684688372,0.127424113001557,"ApproxOmegaRate",23
0.796445527169628,1.1652743827929,1.47404331594696,1.69317733243133,2.40041453653108,"R0.1",23
0.127184988845707,0.433757741349651,0.846279641398614,0.936749000060548,1.64910344657374,"R0.2",23
-173.036662678148,-169.826030950788,-169.450558120891,-168.023721074874,-167.381771266983,"posterior",24
0.16202391619582,0.183833210331627,0.194265948263781,0.20612506753636,0.227691818356885,"TTBirthRate.1",24
0.0349806623855555,0.0644279810643824,0.0817453815757074,0.0943687269152365,0.126776669631195,"TTBirthRate.2",24
0.00594151616202871,0.00781438476385724,0.00996901510056714,0.0109326535730723,0.0152415024175557,"TTSamplingRate",24
0.0295949770232202,0.0388075489634919,0.0462756724554308,0.0501593239242854,0.0629928217066824,"TTNuProb",24
57,73,105,114,177,"HistorySizes",24
0.0300394859717823,0.0395754623091495,0.0473717523020147,0.0514496641081845,0.0650413921152165,"ApproxOmegaRate",24
1.43943174690208,1.70290021374794,1.88383564931697,2.04375933942817,2.42753594451745,"R0.1",24
0.368771058170427,0.612993162883936,0.793881852120966,0.877604716465934,1.14857426115927,"R0.2",24
-97.1462629369836,-93.2642934780859,-92.9183012913451,-91.5047182032089,-90.7235701561629,"posterior",25
0.123879760330271,0.154393024582033,0.177540351584411,0.190916890436374,0.241040187973657,"TTBirthRate.1",25
0.0147858517440385,0.0369626517100636,0.0787333894242923,0.0877206383605851,0.171169488225371,"TTBirthRate.2",25
0.00417603971634619,0.00751554291319795,0.0125975594136921,0.0140475193600729,0.025,"TTSamplingRate",25
0.0208776846305479,0.0319807972485259,0.0456082617121488,0.0526949237030792,0.0789058272660083,"TTNuProb",25
2,6,20,21,52,"HistorySizes",25
0.0210979225168815,0.032500493088496,0.0466725895516771,0.0541208712948935,0.0821467561412817,"ApproxOmegaRate",25
0.937324736698384,1.40155070783438,1.67148621690509,1.94533929387877,2.50797877865099,"R0.1",25
0.139087276034932,0.364753346880576,0.735412539589652,0.819101161377924,1.49402444263935,"R0.2",25
-118.030190397489,-115.078781268034,-114.739541786279,-113.272330627108,-112.586298820228,"posterior",26
0.119955977963229,0.14753871031731,0.1605929077962,0.174670872433984,0.200488980198673,"TTBirthRate.1",26
0.0100373726301581,0.0309783274336609,0.0578373960466934,0.0725034164070923,0.123214614580287,"TTBirthRate.2",26
0.00382817450150265,0.00772682032811877,0.0103499919133274,0.0125619753042465,0.0183554627921114,"TTSamplingRate",26
0.0269377454312307,0.046123885145056,0.0535896550306435,0.0645812685201969,0.0812285826825408,"TTNuProb",26
4,7,18,19,42,"HistorySizes",26
0.0273055200046064,0.0472127017617801,0.0550651152971417,0.0667362235053069,0.0846672844398553,"ApproxOmegaRate",26
0.995112774124105,1.21396949542756,1.44359651013239,1.56956183120716,1.95183206194787,"R0.1",26
0.111114050075092,0.240651395166321,0.52200840069487,0.588557479030664,1.12825109803509,"R0.2",26
-107.013471792709,-103.739451487965,-103.319571117189,-102.024979394056,-101.304607065726,"posterior",27
0.145723471417198,0.168152809626848,0.188755228132148,0.199995540271203,0.23866335363602,"TTBirthRate.1",27
0.0683079665367635,0.103694255847743,0.124677594167908,0.145295601971709,0.191934921930688,"TTBirthRate.2",27
0.00332431494266604,0.0062635463164529,0.00911005304906222,0.0102883354936729,0.0157828556325534,"TTSamplingRate",27
0.0336564548277343,0.0493436990633003,0.0625959005587166,0.0686861377308153,0.0900668246183498,"TTNuProb",27
17,29,52,55,105,"HistorySizes",27
0.0342325275869184,0.0496747986301629,0.0646183215744906,0.0701981155617648,0.0943141108592475,"ApproxOmegaRate",27
1.07215379478669,1.37640526018548,1.56864798289012,1.74303851649025,2.1616548161361,"R0.1",27
0.584222826338112,0.847228931465055,1.03415366973663,1.17618244402653,1.52790619298188,"R0.2",27
-54.1710579153089,-50.8112489054147,-50.5280353280958,-48.9965566904424,-48.3962718829783,"posterior",28
0.0618306611424957,0.0891194355899115,0.112038170680156,0.125396231200598,0.167949177267374,"TTBirthRate.1",28
0.0267851325894399,0.0632940502671181,0.109543760129138,0.135569301669177,0.231090222463625,"TTBirthRate.2",28
0.00235429771979311,0.00619821456870038,0.0117724092677479,0.013463119040089,0.0269887557244707,"TTSamplingRate",28
0.00869431383816159,0.0218486714634498,0.0321798028583493,0.040559617577995,0.0646333446815928,"TTNuProb",28
0,2,12,12,43,"HistorySizes",28
0.00873227440526174,0.0220899899297529,0.0327060398151131,0.0413991851365852,0.0667918345125764,"ApproxOmegaRate",28
0.546297885381045,0.904708481583104,1.22198262612001,1.41951380662118,2.11723579442701,"R0.1",28
0.209623188721484,0.639970523175871,1.16511470793154,1.41902334121074,2.48295447759155,"R0.2",28
-90.5948411036386,-87.303567710595,-87.1135175598342,-85.4913601258951,-84.9286167755661,"posterior",29
0.162151018473996,0.172586290373631,0.187506692345231,0.193943635827102,0.223560967691145,"TTBirthRate.1",29
0.0292533547557157,0.0609206925743617,0.0788637150167095,0.0959391423430879,0.130817821121008,"TTBirthRate.2",29
0.00419373258074307,0.00596226894571275,0.0079475940888775,0.00880428104639266,0.0128501975983564,"TTSamplingRate",29
0.032854370826852,0.0453004481461251,0.0533307936249295,0.0594004154386769,0.074496707035607,"TTNuProb",29
40,58,83,91,140,"HistorySizes",29
0.0334030895726431,0.046350292660743,0.0547918397746044,0.0612186212047495,0.0773789453467162,"ApproxOmegaRate",29
1.3179054659086,1.53779500502411,1.71959481698527,1.83275550666111,2.18789676018032,"R0.1",29
0.326896444808624,0.559500307697294,0.723031573608036,0.838363905945172,1.1240712062133,"R0.2",29
-98.2029696672188,-94.8615547894432,-94.4312459006763,-93.0173177689662,-92.3617031791437,"posterior",30
0.146278513012415,0.169020608324794,0.193164339056478,0.207787188745344,0.2598677785885,"TTBirthRate.1",30
0.0895977629024257,0.125633793641095,0.162079986986404,0.182851485301764,0.25471862229101,"TTBirthRate.2",30
0.00436630074043307,0.00825650749875583,0.0113336452393424,0.0135547110804868,0.0205448777668873,"TTSamplingRate",30
0.0337710093022549,0.0537969482713395,0.0690472507075898,0.0778200860900188,0.10463183939293,"TTNuProb",30
16,28,47,52,98,"HistorySizes",30
0.034351044015754,0.0552840036126301,0.0715162509625281,0.0809706578732497,0.110407931891625,"ApproxOmegaRate",30
0.879354866716172,1.28609005880114,1.4931357954648,1.69497978587928,2.21411645975136,"R0.1",30
0.674377021713646,0.999118969439228,1.25549001702293,1.38705479534513,1.88062726175872,"R0.2",30
-109.747768714149,-106.553875593876,-106.34850836682,-104.683209540607,-104.212621589137,"posterior",31
0.179658946105052,0.207219187848518,0.228669468639925,0.24131639279054,0.282485849007967,"TTBirthRate.1",31
0.0312996464009478,0.0655649382700247,0.0818776525097548,0.100896942856719,0.135972538672768,"TTBirthRate.2",31
0.00341203102930464,0.00591930392201818,0.00811922405646395,0.00920856010580172,0.0139192146498355,"TTSamplingRate",31
0.0226071633333365,0.0364739550315836,0.0436451137166246,0.0506413656544145,0.0651555620092844,"TTNuProb",31
35,65,91,108,171,"HistorySizes",31
0.0228656268133811,0.0371514858435915,0.0446188102400381,0.0519569511347666,0.0673496646344826,"ApproxOmegaRate",31
1.50234612424825,2.00826935298351,2.31704454766573,2.57854253634356,3.23464649181738,"R0.1",31
0.39085442591939,0.678740614933004,0.836667156986528,0.992871796702725,1.33944602069197,"R0.2",31
-110.923055582478,-107.719645178012,-107.286415231712,-105.865180857224,-105.263283591384,"posterior",32
0.151689877752085,0.175694058187298,0.202769028962267,0.21531596529748,0.263675376550973,"TTBirthRate.1",32
0.0706634034006656,0.111313149762174,0.132607019436338,0.159602680597825,0.202557981925865,"TTBirthRate.2",32
0.00493520660446177,0.0078856631345732,0.0117035253087665,0.0130847841577424,0.0219296966819686,"TTSamplingRate",32
0.0334077435198016,0.0443463881212279,0.0604786709056007,0.0644651795892323,0.0902248022062795,"TTNuProb",32
18,32,51,59,100,"HistorySizes",32
0.0339752619382268,0.0450143857108652,0.0623645329374536,0.0662729887123858,0.0944873536011068,"ApproxOmegaRate",32
1.09507596104922,1.43613157757622,1.68008137351424,1.88987596964166,2.42824922621529,"R0.1",32
0.595777213656192,0.879877265081228,1.09513790550665,1.24256186804947,1.64964858861276,"R0.2",32
-128.171718996294,-125.171740125244,-124.791080613194,-123.363864611005,-122.781974732345,"posterior",33
0.114059150711835,0.13667201845669,0.151838109341256,0.163677826894891,0.188497311836951,"TTBirthRate.1",33
0.0294723085669945,0.0598965554753082,0.0927071721096268,0.108750770552814,0.168664134080434,"TTBirthRate.2",33
0.00402950267938217,0.00667266217986823,0.0108186347555766,0.0116777926472462,0.018887052860699,"TTSamplingRate",33
0.0245753187909105,0.0354697294705382,0.0450483538320931,0.0503681898747376,0.0684618313087811,"TTNuProb",33
7,18,32,37,67,"HistorySizes",33
0.0248810486420255,0.0361101378814375,0.0460864123369975,0.0516694379042795,0.0708884063680396,"ApproxOmegaRate",33
1.02908516950754,1.30880436538485,1.47906121913205,1.65148549048185,2.02257943841689,"R0.1",33
0.281864958810252,0.643603897298012,0.889677903254714,1.10522311833269,1.63105057689553,"R0.2",33
-177.437579897708,-174.400260585226,-173.993144860162,-172.621596431772,-171.818541650363,"posterior",34
0.181676367869811,0.198023383131419,0.20859305142048,0.217511717487337,0.240167691677515,"TTBirthRate.1",34
0.016546986819142,0.0358058722085443,0.0481011208650699,0.0576939126212291,0.0790215104893904,"TTBirthRate.2",34
0.0045548622745622,0.00622400637198963,0.00727470788970852,0.00814279051533076,0.0104297156368459,"TTSamplingRate",34
0.0207426241543746,0.0262415551500847,0.0302051245983417,0.0329912308848531,0.0407536181967589,"TTNuProb",34
125,180,219,248,335,"HistorySizes",34
0.0209600069273582,0.0265904424308417,0.0306682944255123,0.0335445691985339,0.0416013203599746,"ApproxOmegaRate",34
1.94768869984542,2.23067401437915,2.47648176416454,2.62567673784247,3.04155061835579,"R0.1",34
0.213317234386272,0.474266185240813,0.573299939993927,0.723345632858763,0.909624747823634,"R0.2",34
-51.2042471997546,-47.7246813658117,-47.2162615612842,-45.8313235806135,-45.0335386607254,"posterior",35
0.0790210817090303,0.115000203894005,0.151873029878115,0.170537991639912,0.237976062230005,"TTBirthRate.1",35
0.00602294396570796,0.0219580288965347,0.0680035099662828,0.0778910685250224,0.176863398478852,"TTBirthRate.2",35
0.00474676843104018,0.0101112224801436,0.0195168262483712,0.0228393773813484,0.0429849389476323,"TTSamplingRate",35
0.019367679202503,0.034378268680096,0.063886846597027,0.0700635378806717,0.123317309421813,"TTNuProb",35
0,0,2,2,11,"HistorySizes",35
0.0195570666994919,0.0349795366344583,0.0659949512607127,0.072607092778311,0.131420522010378,"ApproxOmegaRate",35
0.530976247652877,0.89167526353022,1.1255459651556,1.37226298113754,2.00299054718984,"R0.1",35
0.0425304169997246,0.113032543642335,0.509303690005595,0.532130994019306,1.37036894796832,"R0.2",35
-84.7461462370676,-81.1563029398135,-80.9740744041539,-79.281297425786,-78.7834276081974,"posterior",36
0.089759292819863,0.121714832515373,0.141502083670638,0.158601087775235,0.199661904017761,"TTBirthRate.1",36
0.0148217382108371,0.0486643375196963,0.121919069780317,0.131892056971413,0.249719048664697,"TTBirthRate.2",36
0.00600750518258832,0.0131359226535725,0.019749283993199,0.0242815549877408,0.0389225746901543,"TTSamplingRate",36
0.0232029708334204,0.0448362352715826,0.0579516256465831,0.0687931816942028,0.0985162227211083,"TTNuProb",36
0,2,8,9,26,"HistorySizes",36
0.0234753194091988,0.0458644294462061,0.0596809290766276,0.0712437228805494,0.103620366261646,"ApproxOmegaRate",36
0.670328597618809,0.881949739587534,1.12861308265843,1.28101755998579,1.76789013294068,"R0.1",36
0.140372216948313,0.589290333524372,0.96270691751237,1.23598313902411,1.94926572864122,"R0.2",36
-53.5849672599071,-49.9841454492954,-49.556735869026,-48.0474875921647,-47.3146205194925,"posterior",37
0.095197204234236,0.13755725571429,0.173836230213476,0.194009390449857,0.27101650510736,"TTBirthRate.1",37
0.00492521145916947,0.0260805751921042,0.0727933451314433,0.0848505754249679,0.18794677886292,"TTBirthRate.2",37
0.00350716907163492,0.00820034874344999,0.0159643000859924,0.0187842774106674,0.0362894097932358,"TTSamplingRate",37
0.0310894104520478,0.0589795086069831,0.0921152625229863,0.101940470037113,0.156220066867475,"TTNuProb",37
0,0,2,2,8,"HistorySizes",37
0.0315803171734534,0.0607716496229827,0.0965627123206609,0.107415461346575,0.169456304475624,"ApproxOmegaRate",37
0.559294216714333,0.837076172317736,1.09089679340168,1.27333640390091,1.84124430709296,"R0.1",37
0.0480989200803392,0.100294010829722,0.450668264059691,0.475885176583308,1.23182287508353,"R0.2",37
-109.352973342116,-106.303147162316,-105.85259027762,-104.601936180747,-103.730484008297,"posterior",38
0.126477112682151,0.159528309038099,0.182381493628608,0.197590826226533,0.242085974727412,"TTBirthRate.1",38
0.0273385445554018,0.0584943999096932,0.0875661288474137,0.106976485954146,0.165373002097651,"TTBirthRate.2",38
0.00530265779890247,0.00945395976620808,0.0148347929812724,0.0162628232754178,0.0266803710942531,"TTSamplingRate",38
0.0290173378116112,0.0442130435240612,0.0551351508058529,0.0640202833770065,0.0880774013743166,"TTNuProb",38
3,6,18,19,45,"HistorySizes",38
0.0279623531748392,0.0452125354222907,0.0566981822193949,0.0661373492989685,0.090624592669803,"ApproxOmegaRate",38
0.977052818194303,1.28721817679158,1.56396261391015,1.72103419444748,2.24562918561606,"R0.1",38
0.255577375979267,0.461181708460932,0.741665942374784,0.863667068649182,1.44115852264538,"R0.2",38
146.123894313222,149.221042299001,149.732886153763,150.970583255862,151.740493835245,"posterior",39
0.189372632428713,0.207321256440682,0.213421468673614,0.223507936997487,0.23956342294387,"TTBirthRate.1",39
0.044514552405027,0.0634776533619191,0.0756063094558964,0.0856309409469577,0.109465007766786,"TTBirthRate.2",39
0.00382342837536207,0.00508094029212394,0.00604126606767432,0.00682094845314895,0.00876646746084606,"TTSamplingRate",39
0.0293559528167115,0.0367960672393645,0.0413487021746094,0.0463772037861157,0.0551203134760785,"TTNuProb",39
196,248,307,333,457,"HistorySizes",39
0.029793257548131,0.037485730978159,0.0422216064906675,0.047478155840518,0.0566824918353638,"ApproxOmegaRate",39
1.81875118769527,2.02612858685463,2.242785280844,2.35840368789423,2.79608239287887,"R0.1",39
0.517494251308148,0.709714694827938,0.790981227897384,0.909264074230209,1.10264249888162,"R0.2",39
-28.727554209562,-25.6364358050987,-25.2047541997174,-23.7187939050671,-23.1100341378719,"posterior",40
0.0131428897798631,0.0480520593224179,0.0745264691209409,0.0957585609846882,0.149524752784837,"TTBirthRate.1",40
0.0606404679807101,0.137413297036471,0.208669549170408,0.250905059354876,0.407275385306599,"TTBirthRate.2",40
0.00201995296329756,0.00552773573280976,0.0151603796811495,0.0166782223775081,0.040317411768943,"TTSamplingRate",40
0.00328445305300521,0.00865677432160471,0.0250119284099157,0.0272060205006201,0.0665266159526724,"TTNuProb",40
0,1,16,16,77,"HistorySizes",40
0.00328985574137206,0.00869440708158744,0.0253286880763572,0.02758120795515,0.0688156521848908,"ApproxOmegaRate",40
0.108689631650917,0.42885181044211,0.819561363709659,1.0241832947184,2.01721170883025,"R0.1",40
0.518318592060854,1.19103999730953,2.31573277897771,2.70881313487562,4.99786234625132,"R0.2",40
-70.8328911285886,-67.5087835792566,-67.1693870059617,-65.5714280176283,-64.8827953155243,"posterior",41
0.0739917956821678,0.109285035974005,0.124551961873123,0.144981016397899,0.182191604488077,"TTBirthRate.1",41
0.014821717691028,0.0392771489955464,0.0940011381379846,0.107259923560058,0.216393635950292,"TTBirthRate.2",41
0.00286234862577648,0.00645915166310996,0.0115457336133634,0.0133861376473842,0.0244943027546451,"TTSamplingRate",41
0.0104614908732614,0.019126906363164,0.0299999195092791,0.0352874475714259,0.0623629191024822,"TTNuProb",41
0,3,18,18,54,"HistorySizes",41
0.0085349064411912,0.0193115918678541,0.0304567698310004,0.0359212318644855,0.0623605138756745,"ApproxOmegaRate",41
0.645698810606342,0.993226040343238,1.39410651295237,1.5690771766587,2.31052048254753,"R0.1",41
0.200695439944895,0.536052855676642,1.0484114876247,1.28687787318924,2.34963005286152,"R0.2",41
-77.3179177330684,-74.2692825143481,-73.9219200770479,-72.3684532020212,-71.6389669377417,"posterior",42
0.140843643614064,0.173278529185328,0.200411425888482,0.220439954011211,0.278757652344101,"TTBirthRate.1",42
0.0264463485383033,0.0590869975798864,0.0982990385039695,0.120746946665047,0.198956582517802,"TTBirthRate.2",42
0.00353343811691495,0.007010495937253,0.0109337359147891,0.0133998941249968,0.0226491169860512,"TTSamplingRate",42
0.0318316109297722,0.0468929365221341,0.0704114601849778,0.0782130464133265,0.119497183248765,"TTNuProb",42
1,9,17,20,41,"HistorySizes",42
0.0312726555529109,0.0480188079793563,0.0729808026240949,0.0813961675276813,0.125922957840579,"ApproxOmegaRate",42
0.886136523807804,1.29455325649115,1.54206241762883,1.7544318663703,2.29901225328456,"R0.1",42
0.217482519511627,0.540776644837953,0.751499962106267,0.93714500155145,1.43054823412872,"R0.2",42
12.7259764241937,15.9717383902219,16.3425813820649,17.633533382363,18.2348164937989,"posterior",43
0.186853764415195,0.204690591056414,0.214467077208895,0.221767359407181,0.241728019389088,"TTBirthRate.1",43
0.0625191337720491,0.0775471400161146,0.0883756411034444,0.097930356737307,0.121883182947086,"TTBirthRate.2",43
0.0049575490122543,0.00630484306865461,0.0072545928587112,0.00814422249225369,0.00995367772650361,"TTSamplingRate",43
0.0272629608789654,0.0342915391224057,0.0385717212058393,0.0418388139669298,0.050236897433163,"TTNuProb",43
243,299,361,394,523,"HistorySizes",43
0.027639731336025,0.0348897507487922,0.0393302387070225,0.0427327579214137,0.0515312833308075,"ApproxOmegaRate",43
1.85618339847517,2.16352196429459,2.3115398787304,2.47261686803669,2.81650880033917,"R0.1",43
0.649393344635014,0.875651743928233,0.952296212737305,1.06998419180457,1.22017375173976,"R0.2",43
-117.942187053797,-114.586294745152,-114.177393021611,-112.696805622067,-112.135893917365,"posterior",44
0.127101519625569,0.166678633498855,0.184451710981392,0.201484259582749,0.235742400532905,"TTBirthRate.1",44
0.0351444391718975,0.0765849607483868,0.110388677879114,0.134805126028747,0.200001142541722,"TTBirthRate.2",44
0.00522806299909156,0.00862191475949707,0.0130835085786687,0.0148774912356923,0.0238238599069295,"TTSamplingRate",44
0.0258376480609991,0.0383015737613636,0.0485610766630152,0.0581335089946811,0.081472078277381,"TTNuProb",44
7,21,35,41,76,"HistorySizes",44
0.0261758087278097,0.0390494005083168,0.0497695070875958,0.059873847418403,0.0849318660989082,"ApproxOmegaRate",44
1.03788189786185,1.31847465192152,1.6590446124964,1.82452429764142,2.56400876909729,"R0.1",44
0.378647462293939,0.734088164558738,0.984981403505273,1.20064799308686,1.7055863713189,"R0.2",44
-93.3268736972354,-90.4585863574531,-89.965797739848,-88.7037653676445,-87.9567267496449,"posterior",45
0.175205157203741,0.189053914964862,0.200906885721081,0.206678058069893,0.2306157131443,"TTBirthRate.1",45
0.0166495145808725,0.0318346507392316,0.0485037845516538,0.0555263759068028,0.0861930454620813,"TTBirthRate.2",45
0.00436279209551221,0.00588980503895181,0.00723942233764638,0.00805455614775873,0.0108100876871314,"TTSamplingRate",45
0.0280457917412741,0.0368864254671625,0.0414372174946765,0.0465775255995229,0.0564958054378881,"TTNuProb",45
69,96,127,140,207,"HistorySizes",45
0.0284446683638147,0.0375795124089449,0.0423139026890641,0.0476881229840646,0.0581380843900027,"ApproxOmegaRate",45
1.68376657636536,1.93157094534212,2.08681513664731,2.23267397678208,2.59514878083123,"R0.1",45
0.209592050345145,0.398585938700978,0.506326431684077,0.623385961236834,0.878225500070869,"R0.2",45
-87.1354560100263,-83.6807274947478,-83.341578965627,-81.8132673236058,-81.2232977605893,"posterior",46
0.147983916895191,0.175047551902651,0.196287988699427,0.210147181379675,0.249704554144532,"TTBirthRate.1",46
0.0431797378636283,0.0784164993184547,0.111535944474747,0.125270963481516,0.185202300520334,"TTBirthRate.2",46
0.00287081302491228,0.00470558210058233,0.00804540422449238,0.00864398221591839,0.0150613097448425,"TTSamplingRate",46
0.027382532533397,0.0404894893157952,0.0534677852919886,0.0614899581288183,0.0879063768034898,"TTNuProb",46
19,30,52,58,114,"HistorySizes",46
0.0277626382053322,0.0413261261881749,0.054936450460964,0.0634404329104883,0.0919477746665289,"ApproxOmegaRate",46
1.11126259265422,1.50098637137515,1.78843591474019,1.99941658006176,2.58569855781325,"R0.1",46
0.519574586913441,0.856675949647175,1.0101542415656,1.23519087232148,1.64790807413109,"R0.2",46
-58.7208205103828,-55.8459764091262,-55.2140973086717,-53.7786776709845,-52.9085255089233,"posterior",47
0.067303414514971,0.100224664150786,0.120688554732335,0.137800936434118,0.179827139629096,"TTBirthRate.1",47
0.0264415939709915,0.0687663106712821,0.134744706740254,0.158418176429753,0.277167674437817,"TTBirthRate.2",47
0.00281780736491498,0.00692031839072879,0.0138517207806299,0.0154293453620777,0.03003616777908,"TTSamplingRate",47
0.0220013015262434,0.0351428411570379,0.0559114873017354,0.0625477887094714,0.102079474701974,"TTNuProb",47
0,1,8,8,26,"HistorySizes",47
0.0222460222478608,0.0357713953901182,0.0575194873448782,0.0645670518684005,0.107569809527134,"ApproxOmegaRate",47
0.444341770114892,0.824181431002853,1.01799547890971,1.20014589195299,1.66763826186942,"R0.1",47
0.317964904033332,0.480564569015285,1.13550560207703,1.22481634273478,2.43879292331771,"R0.2",47
-187.786481637577,-184.946636080513,-184.446555799052,-183.185726398473,-182.432101017149,"posterior",48
0.174724281570099,0.204148626749877,0.220559909250684,0.235733574729836,0.271824901065318,"TTBirthRate.1",48
0.0250109554654228,0.0501115987198112,0.0671912281316542,0.0810961861137065,0.111832709404395,"TTBirthRate.2",48
0.00505024425645774,0.00712567054387215,0.00987598303371379,0.0106146789304687,0.0155833709796375,"TTSamplingRate",48
0.0191653888434958,0.0269280939380778,0.0315057010547521,0.0360942471611679,0.0468816032714575,"TTNuProb",48
44,75,105,121,184,"HistorySizes",48
0.019350821856153,0.0272956032219058,0.0320099489966858,0.0367576164069925,0.0480069240553812,"ApproxOmegaRate",48
1.78167840396773,2.09812870085821,2.50484474017845,2.6805946988935,3.45725865722242,"R0.1",48
0.314702172646462,0.512166812137929,0.746047889059115,0.851953377304443,1.24793617662877,"R0.2",48
-121.51653926509,-118.661081443765,-118.349198571088,-117.000008853569,-116.239241492582,"posterior",49
0.167131668699708,0.199503119668582,0.21256410286809,0.232416094661355,0.261984196945472,"TTBirthRate.1",49
0.0359058630301025,0.0594376030730209,0.0825701582597724,0.0945802041000677,0.135360193485894,"TTBirthRate.2",49
0.00325196821698688,0.00520472421649092,0.00714818971812814,0.00822572859198066,0.0123003227226619,"TTSamplingRate",49
0.0184357444296205,0.0275211340981365,0.0355861889221844,0.0402164446274809,0.0550660753098872,"TTNuProb",49
52,85,124,142,229,"HistorySizes",49
0.0186072638096855,0.027905124433922,0.0362308478198484,0.0410417206708692,0.056625137348726,"ApproxOmegaRate",49
1.54602186208383,1.92646763911428,2.38232212449605,2.5625452948426,3.43559784499811,"R0.1",49
0.396352944213189,0.748110873424039,0.912745019299471,1.06953367179303,1.4188294586842,"R0.2",49
-74.962221417402,-71.6274487636009,-71.315438475875,-69.901726110665,-69.2160232970299,"posterior",50
0.145184700885883,0.192834578892193,0.214559744975839,0.245168137287333,0.299522416814589,"TTBirthRate.1",50
0.0319695675815398,0.0752478451887469,0.104967595979221,0.128772712994996,0.189428156270414,"TTBirthRate.2",50
0.00240238202329985,0.00522599850061976,0.00969863193243332,0.0107162866738107,0.0197138726585794,"TTSamplingRate",50
0.0205517655737733,0.0346441759008399,0.0522868769763395,0.0596238258510045,0.0898699687287394,"TTNuProb",50
9,14,33,35,86,"HistorySizes",50
0.020765145777839,0.0352548637514221,0.0536905320996848,0.0614559451361581,0.0940982731619874,"ApproxOmegaRate",50
1.03768889959491,1.56166671828689,1.96938356408623,2.27745043485261,3.17918438781784,"R0.1",50
0.28740733911647,0.70907135908373,0.931388411642738,1.14395663396335,1.67333889773396,"R0.2",50
-41.3815108282919,-37.9571477516328,-37.5980967963898,-36.0762210867972,-35.4692939683422,"posterior",51
0.0474718924004522,0.072604058154842,0.104184464208048,0.114436740140723,0.176706153410418,"TTBirthRate.1",51
0.048522158953721,0.121201815197083,0.216944801902413,0.26488971528152,0.44740554951249,"TTBirthRate.2",51
0.00307861689873545,0.00888563032950987,0.0167471734404522,0.0204873398836224,0.0389205799226872,"TTSamplingRate",51
0.0126024983479979,0.0375689116574608,0.0553854121158207,0.0700143172502742,0.108684128996104,"TTNuProb",51
0,1,9,9,33,"HistorySizes",51
0.012682413394927,0.0382881334082322,0.0569628680777123,0.0725542348589053,0.114929643072699,"ApproxOmegaRate",51
0.301269532743204,0.51737917043524,0.853127552755939,0.943852199812607,1.55550425168021,"R0.1",51
0.364049945128742,0.843224067361259,1.78042457419571,2.02927060335961,3.81822497042046,"R0.2",51
-95.6918328469646,-92.8442942329738,-92.2639294449527,-90.9637337991632,-90.2079152559581,"posterior",52
0.146234817042618,0.163660659223664,0.177760297565687,0.189826527184592,0.224215206680365,"TTBirthRate.1",52
0.0191107351971401,0.0457571937614767,0.0747599062978389,0.0884282468994846,0.13560981823597,"TTBirthRate.2",52
0.00304114683315762,0.00514047055577039,0.00738403426302007,0.00833925117870019,0.0135650606079195,"TTSamplingRate",52
0.0331121105690196,0.0426474042359264,0.05722711719946,0.0620573497068253,0.087001700784478,"TTNuProb",52
11,24,38,44,76,"HistorySizes",52
0.0336695454244715,0.0435766190805071,0.0589128227041817,0.0640445677764894,0.0909584716517055,"ApproxOmegaRate",52
1.15983533265529,1.41246952282622,1.58703270121136,1.72976608871085,2.06937127436767,"R0.1",52
0.257400459901905,0.508593162207069,0.657068095608587,0.836259544503805,1.16640297499733,"R0.2",52
-72.9179341679168,-69.5689037178416,-69.2744829514776,-67.8929657522268,-67.2766913466563,"posterior",53
0.173915669385213,0.188546022847998,0.19994485297291,0.205722371294021,0.227144527745598,"TTBirthRate.1",53
0.0513425165552037,0.073359924043595,0.085598039478561,0.0975435260129284,0.12237813662579,"TTBirthRate.2",53
0.00503364948123686,0.00670635412103598,0.00805717454159319,0.00893823505165837,0.0116167216926359,"TTSamplingRate",53
0.0308847286638673,0.0401735770021085,0.0448693173710065,0.0498018635417443,0.0593861122050462,"TTNuProb",53
125,164,210,226,307,"HistorySizes",53
0.0313691423894252,0.0409970766091174,0.0458990468204124,0.0510736448884001,0.061203429057724,"ApproxOmegaRate",53
1.60024384028946,1.85202859393753,2.00427960108846,2.15171504824591,2.43626638892106,"R0.1",53
0.553067333258857,0.784233999911789,0.857879166085547,1.00255440169067,1.17883369153137,"R0.2",53
-121.272778170309,-117.996839060727,-117.627924940254,-116.201314322197,-115.551053179743,"posterior",54
0.153843212772261,0.175717720246559,0.1903443054871,0.199390352159672,0.228379224391854,"TTBirthRate.1",54
0.027247687405889,0.0502608663120841,0.0752066942165436,0.0873357162370712,0.131685234170725,"TTBirthRate.2",54
0.00487006282166653,0.00671993816403463,0.00941746165167271,0.0104657656764916,0.0152054781087459,"TTSamplingRate",54
0.0329439409467729,0.0454632836391065,0.055400369485968,0.0598520660912373,0.079496880537378,"TTNuProb",54
24,39,53,61,97,"HistorySizes",54
0.0334956808120957,0.0465207772855283,0.0569786897175575,0.0616984561281932,0.0827875567935782,"ApproxOmegaRate",54
1.25382097993638,1.50009286168898,1.69842785774934,1.8361714033395,2.19896169181846,"R0.1",54
0.263355087420956,0.530365356451589,0.672177619998039,0.823684702963977,1.07237054204481,"R0.2",54
-91.8641984735091,-88.76412459101,-88.2601289672594,-86.8494130824508,-85.9548904122559,"posterior",55
0.0941091491107993,0.12469528558138,0.153362234925594,0.16295938601504,0.211070706777094,"TTBirthRate.1",55
0.0174246346878802,0.0476366048768816,0.0934084975328842,0.109350200377607,0.207223505386499,"TTBirthRate.2",55
0.00512870933756099,0.0109323187283816,0.0182021319141542,0.0206908412388302,0.0332797902423136,"TTSamplingRate",55
0.0213464105941475,0.0353380252688976,0.0512513098062994,0.05809145937562,0.0860478009863939,"TTNuProb",55
0,2,10,10,29,"HistorySizes",55
0.0215767031767874,0.0359736440399466,0.0525991987209035,0.0598292434070473,0.0899163532200443,"ApproxOmegaRate",55
0.665380068703618,1.04190694423103,1.31061384596725,1.48447999186227,1.97731980824576,"R0.1",55
0.169140912912547,0.384403324167812,0.788378409109459,0.918316008486475,1.68094797692454,"R0.2",55
-172.757286288073,-169.698014040084,-169.170851166223,-167.914880762485,-167.138476951856,"posterior",56
0.183994145542603,0.200887851312553,0.213980169576823,0.222819639537273,0.250849786067818,"TTBirthRate.1",56
0.0226201308936088,0.050649998772069,0.061710737687181,0.0776898354687499,0.0976754557801287,"TTBirthRate.2",56
0.00482539270491983,0.00681982561339859,0.00816658609630526,0.00936932743936389,0.0124349242086246,"TTSamplingRate",56
0.0228948322814392,0.0285381460762402,0.0339869889548327,0.0371464025344703,0.0480530566184939,"TTNuProb",56
98,141,179,201,293,"HistorySizes",56
0.0231599539116659,0.0289512536288149,0.0345745310574162,0.0378493868136007,0.0492360274252619,"ApproxOmegaRate",56
1.84467902088333,2.2143548651335,2.40827238721619,2.64132967948672,3.11563014772508,"R0.1",56
0.303898160181305,0.559607264179624,0.687249466443134,0.825499908523309,1.07830730760196,"R0.2",56
-63.2245067499047,-59.9380030515436,-59.6787090222536,-58.1731640920962,-57.5757810002349,"posterior",57
0.0817578479728815,0.126737803279098,0.152385531689189,0.175284223869474,0.234999141622548,"TTBirthRate.1",57
0.0874924297184896,0.146246807957908,0.213670770273902,0.250925666251055,0.391565371614626,"TTBirthRate.2",57
0.00326526208626917,0.0077087964035268,0.0152017578329944,0.0167413094199123,0.0347516931476512,"TTSamplingRate",57
0.0312945397146425,0.0612427839018712,0.0837993978405622,0.100283073025235,0.144507522860448,"TTNuProb",57
1,3,13,13,39,"HistorySizes",57
0.0317919976816709,0.0631773626871406,0.0874641180533244,0.105576858953331,0.155761906492041,"ApproxOmegaRate",57
0.488680018855051,0.773639467061651,1.02480305079063,1.20411939963402,1.69001585867879,"R0.1",57
0.582003435812127,0.999821865873843,1.38699920120074,1.64733702568593,2.53383516958417,"R0.2",57
-108.414742912963,-105.181092923261,-104.895306202847,-103.426208429399,-102.891105185632,"posterior",58
0.110399219738476,0.149979048136097,0.1703607196401,0.191889498063147,0.236762154984253,"TTBirthRate.1",58
0.124996329384883,0.163877680508191,0.194717440683929,0.218159371576589,0.2744487573949,"TTBirthRate.2",58
0.00605824184878934,0.00992225325433972,0.0153983760909531,0.0169812133004271,0.0295518453239005,"TTSamplingRate",58
0.0229213751744135,0.0309925166152954,0.0446433636236542,0.0494197683409415,0.0745129631031471,"TTNuProb",58
15,35,63,70,133,"HistorySizes",58
0.0231871154607577,0.0314803441600126,0.045662630328539,0.0506718642369381,0.0773964837729923,"ApproxOmegaRate",58
0.890842533485964,1.36098844171149,1.58240213269368,1.89091855259053,2.40059903528851,"R0.1",58
0.951012956827287,1.47299849341172,1.79547001589787,2.0523198215231,2.67505914064789,"R0.2",58
-114.723582733967,-111.518485601461,-111.154891715685,-109.681257914639,-109.041239625877,"posterior",59
0.120373710712291,0.152267389511681,0.175388818600247,0.189627061070274,0.239935705886197,"TTBirthRate.1",59
0.0211628224932524,0.0696283182066025,0.104031527802488,0.131767875288789,0.197406179050168,"TTBirthRate.2",59
0.00700084635849821,0.0145415143005462,0.0196899476970426,0.0235381766301546,0.0348182881072898,"TTSamplingRate",59
0.0339163962110633,0.0464744931902098,0.0612363667038001,0.068244410311369,0.095104526208143,"TTNuProb",59
2,6,14,16,34,"HistorySizes",59
0.0345014791290679,0.0475801242709189,0.0631705336866555,0.0706553258348474,0.0998527504701655,"ApproxOmegaRate",59
0.847503031819618,1.11330213231409,1.35751173984316,1.48518295505292,1.9559326922318,"R0.1",59
0.210639878181657,0.535543911585379,0.797779252544579,1.00233139246282,1.51761434693901,"R0.2",59
-122.433422571026,-119.072766892191,-118.887765717171,-117.350190155945,-116.900284387366,"posterior",60
0.121876453571316,0.152883156991376,0.180918260234038,0.19157327318499,0.240753006005288,"TTBirthRate.1",60
0.0643702510372895,0.0981675578529063,0.135702484891323,0.147453208522793,0.209743557699314,"TTBirthRate.2",60
0.0045655412376424,0.00689408252715658,0.0102442073658628,0.0118990628067942,0.0193492702845027,"TTSamplingRate",60
0.0160131632371384,0.0250420482288885,0.0330569883607528,0.0380146937997676,0.0553464556873024,"TTNuProb",60
23,47,81,92,171,"HistorySizes",60
0.0161424087503182,0.025359576092677,0.0336125532515588,0.0387512522949425,0.0569216618036336,"ApproxOmegaRate",60
1.1134902251181,1.64243205040072,1.97562784319687,2.27600306464679,3.01696016195167,"R0.1",60
0.722495215226221,1.11020816815195,1.47401299096451,1.67301707795545,2.35816111820688,"R0.2",60
-156.299318899629,-153.340531817638,-152.924722846266,-151.512611904736,-150.800284458775,"posterior",61
0.14595550725851,0.159539688271819,0.174260436870256,0.179883065653526,0.206740098171285,"TTBirthRate.1",61
0.0931461680240809,0.121600128589693,0.141145287208166,0.153488017232418,0.194512239879753,"TTBirthRate.2",61
0.00664759012692788,0.00868625926572778,0.0109361434551003,0.0121081890333093,0.0170359666844649,"TTSamplingRate",61
0.0338327621189467,0.0460889860498026,0.0514165679096158,0.0583028393062598,0.0696102191276333,"TTNuProb",61
81,117,150,166,230,"HistorySizes",61
0.0344149383298731,0.0471761361912026,0.0527732783342591,0.0600534836085655,0.0721203767419196,"ApproxOmegaRate",61
1.21371009662833,1.46684944316678,1.59054142352303,1.74359904464931,2.03346533538733,"R0.1",61
0.915165661115829,1.16340946609627,1.29050908730562,1.43422035010885,1.68707054725364,"R0.2",61
-160.66741482897,-157.63149022483,-157.156951617103,-155.813690969795,-155.165639251328,"posterior",62
0.144031006028655,0.167400084301304,0.179639587885426,0.188516271377072,0.209452543820266,"TTBirthRate.1",62
0.0230539299595119,0.0542779114718938,0.0750903144390555,0.0885974395695787,0.125886970558,"TTBirthRate.2",62
0.00502483061369437,0.00717375260276888,0.00906424224647229,0.0106055717925671,0.0146730009736798,"TTSamplingRate",62
0.0252683354712481,0.0365127837977776,0.0421602158182528,0.0496618467121568,0.0610485874026195,"TTNuProb",62
33,51,80,85,150,"HistorySizes",62
0.025591664857694,0.0347300208477484,0.0430680959278526,0.0484482260297989,0.0629707242852878,"ApproxOmegaRate",62
1.29468791422094,1.65170874546895,1.81857054560882,2.01190302677409,2.33800212204628,"R0.1",62
0.254024483688819,0.576525739332531,0.749497049651958,0.90227775143279,1.18706610324521,"R0.2",62
-136.556328333127,-133.686691524907,-133.363627590036,-131.873728003408,-131.271556262309,"posterior",63
0.153562217556724,0.181457878657149,0.196699625480336,0.212300644073568,0.243466886785432,"TTBirthRate.1",63
0.0165381582741455,0.0512221536307304,0.0689767494616909,0.0910855737400077,0.124361381854997,"TTBirthRate.2",63
0.00531170797226375,0.00878938426362132,0.0119162775513403,0.0135209487921823,0.0201860113021996,"TTSamplingRate",63
0.0361566710589314,0.0442354813562927,0.056763835422539,0.0612150391775575,0.084941055308079,"TTNuProb",63
9,18,30,34,63,"HistorySizes",63
0.0368223580018754,0.0452359994617034,0.0584219627621862,0.0631478378619048,0.0887085544217999,"ApproxOmegaRate",63
1.1714856504641,1.48752035842242,1.68010181106968,1.84685271564875,2.24511451602822,"R0.1",63
0.145936490384512,0.397435210861727,0.584515672094204,0.71713929843214,1.05499187717616,"R0.2",63
-121.869541499922,-118.848482417291,-118.55400139194,-117.062814832212,-116.604623461714,"posterior",64
0.142824628961176,0.164185448146483,0.186617125410112,0.198103731315006,0.241922038496465,"TTBirthRate.1",64
0.0820619531218503,0.117102255127638,0.138288546589806,0.156669431737917,0.200273146758405,"TTBirthRate.2",64
0.00356048908807291,0.0078267277112739,0.0104630441509264,0.0123420502975438,0.0171252229869536,"TTSamplingRate",64
0.0229767127831861,0.0393223189047484,0.0462772588044698,0.0549352580993055,0.0683519424933472,"TTNuProb",64
31,50,83,90,171,"HistorySizes",64
0.0232437452120576,0.0401109466220706,0.0473734146905119,0.0564868170358416,0.0707705963596443,"ApproxOmegaRate",64
1.18254962423773,1.48572627136769,1.79097820691638,1.92755173975083,2.57199527163544,"R0.1",64
0.761453173408561,1.11148033946282,1.34021052291542,1.50088079274547,1.92720008892959,"R0.2",64
-46.6865085989686,-43.1242720768198,-42.765830480167,-41.1888914293973,-40.5228641620645,"posterior",65
0.0731998447324172,0.123397761850491,0.147054159679802,0.175213150382828,0.221438305047207,"TTBirthRate.1",65
0.00955766728339932,0.0353843221184366,0.0830276916472022,0.0974204578309046,0.197911787354152,"TTBirthRate.2",65
0.00152000743026182,0.00390505918318165,0.00920325154097837,0.0102282859872775,0.0232134830809026,"TTSamplingRate",65
0.00949917791686148,0.0235514069164309,0.0398612154544117,0.0470469499471389,0.0806536028556832,"TTNuProb",65
0,2,12,12,43,"HistorySizes",65
0.00756446550336686,0.0238320460232027,0.040671829738477,0.0481803184627152,0.0820431296247633,"ApproxOmegaRate",65
0.626155409480532,1.02104177135202,1.50828909792829,1.72518309309662,2.77817703658534,"R0.1",65
0.150131836486987,0.414828707458391,0.849533451024349,1.02225622505767,1.93451557949793,"R0.2",65
-110.699790933669,-107.331406049205,-106.86343705791,-105.419105317698,-104.464554521041,"posterior",66
0.0860718719958671,0.106167117149189,0.129297624747094,0.139216378588343,0.187633493648913,"TTBirthRate.1",66
0.0125869264377666,0.044664417441681,0.125925787098848,0.137302522105647,0.289884240179337,"TTBirthRate.2",66
0.017904547050308,0.030597962818947,0.0387153462057714,0.0472301986689187,0.0646215135543617,"TTSamplingRate",66
0.0195674519833513,0.0357961568952587,0.0466746475933534,0.0558852035724336,0.0806731363872117,"TTNuProb",66
0,0,4,4,16,"HistorySizes",66
0.0197607860999331,0.0364485152810587,0.0477899368232195,0.057491670425148,0.0840639892210533,"ApproxOmegaRate",66
0.56547530734622,0.780553541778787,0.975605538780858,1.0902159131914,1.48887805468828,"R0.1",66
0.164974353527915,0.403719849590887,0.935941210509875,1.10800232108627,2.23916126222511,"R0.2",66
-34.2774264201372,-31.1840624416518,-30.9282352738461,-29.3203366097032,-28.8548576430907,"posterior",67
0.165941502232883,0.184411634484217,0.195261509314256,0.207177436351058,0.233512306882375,"TTBirthRate.1",67
0.077615154171451,0.104815221585913,0.120468576222127,0.137233407861056,0.174370862750527,"TTBirthRate.2",67
0.00406405283313607,0.00574320409577737,0.00729196069315654,0.00846734802997455,0.0120340952528648,"TTSamplingRate",67
0.0352894545309187,0.0485086485908014,0.0575947994243585,0.064066283170582,0.0806670397080627,"TTNuProb",67
64,102,140,155,225,"HistorySizes",67
0.0359233115659724,0.0497144387094236,0.0593025589174597,0.0661864428659332,0.0840573692808286,"ApproxOmegaRate",67
1.3163024328612,1.52952576632235,1.73396402707246,1.84528554751303,2.24202871025474,"R0.1",67
0.713664764284248,0.966775365142552,1.06781960766952,1.21586650510172,1.41887934279228,"R0.2",67
-54.3813172695309,-50.1685840039164,-49.9239381744248,-48.168145520566,-47.5127961622493,"posterior",68
0.063715116351741,0.101567846434701,0.119535165668538,0.137493293329438,0.178556189011154,"TTBirthRate.1",68
0.00654554805962298,0.0202487316060148,0.0670444314982862,0.0740519200907022,0.195588826138415,"TTBirthRate.2",68
0.00274785437941557,0.00758867389747382,0.0151729255724285,0.0169307294729067,0.0326984909389456,"TTSamplingRate",68
0.0162749073180442,0.0323274403339581,0.0480308365412576,0.0566257639057914,0.0890291799125909,"TTNuProb",68
0,0,3,3,14,"HistorySizes",68
0.0164084301580728,0.0328585568520047,0.0492127001188385,0.0582757174136442,0.0931769119410402,"ApproxOmegaRate",68
0.514863148607556,0.857935464846882,1.07753104481209,1.25035806143525,1.70090711754855,"R0.1",68
0.0531680787022232,0.178962555213177,0.592981415698371,0.661816189002597,1.7244907141202,"R0.2",68
-102.485859452615,-99.3361727692791,-99.0235971856061,-97.4723867440731,-96.8985333024942,"posterior",69
0.154691650108984,0.183600475250764,0.205412269936379,0.219323869214953,0.259085370365178,"TTBirthRate.1",69
0.0535987283980415,0.0985146818799117,0.125526742255638,0.150454276669653,0.215888627989434,"TTBirthRate.2",69
0.00502190159471465,0.00790057626070814,0.0120416914398255,0.013663287082733,0.0219496026359053,"TTSamplingRate",69
0.0356227733453652,0.0579046615902755,0.071370185390681,0.0819894760694885,0.108633092278193,"TTNuProb",69
10,19,37,39,77,"HistorySizes",69
0.0362687704398115,0.059631121546989,0.0740112849547941,0.0854942921809108,0.114872573729276,"ApproxOmegaRate",69
1.00082206001424,1.28919743593998,1.55587862097972,1.69825333946955,2.24065635089662,"R0.1",69
0.475416685869543,0.766752071276379,0.945855185676361,1.11569180911053,1.49959347689167,"R0.2",69
-88.291658288229,-85.2606573544914,-84.8885501392361,-83.5108662366199,-82.7409556310706,"posterior",70
0.123575773120397,0.14606913016883,0.170624026472336,0.182630845347857,0.233398808006727,"TTBirthRate.1",70
0.0253183830607329,0.0714151207634045,0.103917174330905,0.126348969947421,0.182729553433596,"TTBirthRate.2",70
0.00298028868432015,0.00510835913188416,0.00930435676174893,0.0103885021634831,0.0193545612518382,"TTSamplingRate",70
0.0191410837477097,0.0327730620118245,0.0457145876808682,0.0537480877557991,0.0801561972856188,"TTNuProb",70
6,14,33,36,82,"HistorySizes",70
0.0193260444655229,0.033319045585397,0.0467839419899462,0.055232405854207,0.0835028320244486,"ApproxOmegaRate",70
0.912930943850419,1.28793283685963,1.66942766133332,1.86230706730997,2.54123265547498,"R0.1",70
0.336939213600565,0.659512700641641,0.986998127150428,1.15999627609066,1.71237552819902,"R0.2",70
-168.342097186143,-164.958765068834,-164.605935523669,-163.146025333668,-162.500542171376,"posterior",71
0.171780581772731,0.205746249905723,0.222775551505278,0.241504829485059,0.275401731170114,"TTBirthRate.1",71
0.00997377788751243,0.0325051869261029,0.0501241691658816,0.0619893051379721,0.0951417466965092,"TTBirthRate.2",71
0.00384018821503932,0.00664112795799557,0.00887085849024019,0.0101345122766875,0.0147445825010415,"TTSamplingRate",71
0.0167603102437106,0.0242401359618647,0.0300648302722278,0.0343149924324585,0.0490723413107942,"TTNuProb",71
34,50,86,93,169,"HistorySizes",71
0.0167178612891561,0.0245375325241416,0.0305236748236568,0.034914029766063,0.0501173840690043,"ApproxOmegaRate",71
1.71996278643348,2.14993560192616,2.58083069774024,2.83003090485866,3.763758165004,"R0.1",71
0.164778913409125,0.398855658502989,0.58251869688287,0.718977148083531,1.09341090690086,"R0.2",71
-79.7195361806156,-76.4903084722485,-75.9321911537116,-74.3791808709012,-73.6598037157573,"posterior",72
0.118301914143736,0.147266364540649,0.176087688928191,0.189052733826639,0.25060932495985,"TTBirthRate.1",72
0.0164323206460858,0.0513220955688908,0.0935431150610286,0.110121586134708,0.202379181682826,"TTBirthRate.2",72
0.00311571031320683,0.00634368929397986,0.0110078591006061,0.0130347278626727,0.0251056876225847,"TTSamplingRate",72
0.0210588563670758,0.0418665505084239,0.0598146407283577,0.0705400054334495,0.107997145252744,"TTNuProb",72
0,6,15,17,42,"HistorySizes",72
0.0212829536995892,0.0427616927940171,0.0616586868285744,0.0731189095727234,0.114161714906261,"ApproxOmegaRate",72
0.826820699543657,1.14275660952964,1.46501417186699,1.61670079440959,2.21208062961971,"R0.1",72
0.173680306501493,0.446726051480145,0.786835108331761,0.894862731982851,1.59669348150969,"R0.2",72
-176.91132392308,-173.808602539961,-173.64072179429,-172.121867049987,-171.640048600754,"posterior",73
0.149282869447522,0.171491139666305,0.186898907281695,0.197037517088159,0.222660711552661,"TTBirthRate.1",73
0.0481398466477343,0.0761312773530047,0.0982004420694168,0.111572479471387,0.154613937897854,"TTBirthRate.2",73
0.00758798917346544,0.010939297265246,0.0130116662850407,0.0153706916306223,0.0200031164049151,"TTSamplingRate",73
0.0389462689877712,0.0515496669655253,0.0592054450203767,0.0657637145847508,0.0795911153139652,"TTNuProb",73
27,36,55,61,100,"HistorySizes",73
0.0397197367638351,0.0529135037127099,0.0610115530966113,0.0679996700306265,0.0828897595180387,"ApproxOmegaRate",73
1.19820415298227,1.40549283633803,1.54891358562164,1.68600553670685,2.00111680762962,"R0.1",73
0.436540218477763,0.707521374644531,0.826250004009941,0.98896771687165,1.2681042022207,"R0.2",73
-100.217095639358,-97.0853028589628,-96.6349319337566,-95.2017101186941,-94.5577704285806,"posterior",74
0.137986719666553,0.159080796316195,0.175033467402931,0.184596901848658,0.215501486100379,"TTBirthRate.1",74
0.0362915910326961,0.0685852473834846,0.0941554907500288,0.110779753553158,0.16655987016068,"TTBirthRate.2",74
0.00265643967090809,0.00434924631520116,0.00692724153814009,0.00747146118106677,0.0125292909398868,"TTSamplingRate",74
0.0259044389287004,0.0413928913879062,0.0515065834991684,0.0581284557083985,0.0768178586476638,"TTNuProb",74
18,37,56,65,101,"HistorySizes",74
0.0262443616606307,0.0422676821766853,0.0528681113962043,0.0598684870575246,0.0798862021395928,"ApproxOmegaRate",74
1.16823653497243,1.44508379811498,1.65062495040842,1.81071241378673,2.20241587264045,"R0.1",74
0.319111829522615,0.649522161149994,0.900874532382287,1.01240493068687,1.43095839220978,"R0.2",74
-128.426564122451,-125.305662520952,-124.900269519946,-123.451867069379,-122.676250421783,"posterior",75
0.151253056383765,0.184751396570087,0.200147523242624,0.218803585894609,0.250252187739102,"TTBirthRate.1",75
0.0186502656774974,0.0464095916955826,0.0732090235449728,0.0882153845017405,0.146217745142123,"TTBirthRate.2",75
0.00609085717448408,0.00979011524386349,0.0130418397755145,0.015404666574668,0.022993503708282,"TTSamplingRate",75
0.0413360057877123,0.0569568282480116,0.0679581070556074,0.0771721799625788,0.100994776922176,"TTNuProb",75
4,14,21,26,44,"HistorySizes",75
0.0411661373056972,0.0586264155897835,0.0703484818872541,0.0802694647522594,0.105310377636619,"ApproxOmegaRate",75
1.06951780669351,1.3177961526258,1.54411137578929,1.67516345942397,2.09515392615147,"R0.1",75
0.151145380513859,0.407372870732859,0.564619570191447,0.716296488564447,1.05479302678262,"R0.2",75
-47.1040506310385,-43.8318719972479,-43.3276011801079,-41.7151474507926,-41.0057834080582,"posterior",76
0.059547488935628,0.10369100847262,0.13235039296794,0.15347045497143,0.213804751871193,"TTBirthRate.1",76
0.0150838744287719,0.0491165662933806,0.127333905768392,0.145848120396814,0.281930969004067,"TTBirthRate.2",76
0.00269830772357962,0.00553464698371843,0.0143979282563534,0.0155249866605326,0.0337452934866372,"TTSamplingRate",76
0.0148426644962104,0.0307011628513751,0.0615682836109215,0.0668892027164425,0.119022706286819,"TTNuProb",76
0,0,5,5,24,"HistorySizes",76
0.0149536404301613,0.0311797907684013,0.0635238095728348,0.069203692628934,0.126554112784488,"ApproxOmegaRate",76
0.452047586999856,0.794473609896424,1.06444546183292,1.30807358773998,1.97218299144394,"R0.1",76
0.126667389061332,0.389461295617829,0.994731229089913,1.10310558210398,2.28978034804782,"R0.2",76
-139.85666312346,-136.773038045241,-136.402476490787,-134.92508555189,-134.209218722277,"posterior",77
0.143409495629554,0.164831577497947,0.184590632584322,0.1940145020603,0.231640869118108,"TTBirthRate.1",77
0.078005462174008,0.126804480281446,0.161082340230065,0.181471274087039,0.247061020995106,"TTBirthRate.2",77
0.00760329149143114,0.0113339133782476,0.0151534234403779,0.0173517897633505,0.0259615834842636,"TTSamplingRate",77
0.0439113410345174,0.0633328821231558,0.0734152275529233,0.0845728631643989,0.105887658695096,"TTNuProb",77
17,29,47,52,88,"HistorySizes",77
0.0448970866767776,0.0654039938392585,0.0762128182500623,0.0883070533334077,0.111807157776236,"ApproxOmegaRate",77
0.908960742489143,1.14817099964493,1.33202428402261,1.44664768358023,1.76503486393619,"R0.1",77
0.659126943197,1.00632939191016,1.16659014416658,1.35269026970228,1.71375450992756,"R0.2",77
-47.1184124630381,-44.015186505144,-43.5692344290492,-42.3120848666512,-41.563276464169,"posterior",78
0.175290944046011,0.189662960308616,0.19943359595563,0.206885299742402,0.226896432488243,"TTBirthRate.1",78
0.0187882883823164,0.0322587892449675,0.0497012138970348,0.0562994406864691,0.0922079524753035,"TTBirthRate.2",78
0.00478232216661716,0.00642866857981522,0.00807356802822121,0.00862156688306233,0.0117888145809875,"TTSamplingRate",78
0.0323142793270489,0.0426264728932754,0.0479092973884246,0.0529468752018809,0.0633420844414006,"TTNuProb",78
61,93,121,135,186,"HistorySizes",78
0.0328449599319117,0.0435547659176564,0.0490851140516472,0.0543866775154075,0.0654138079136507,"ApproxOmegaRate",78
1.55633667418349,1.75654735848146,1.93023470075358,2.02552529914552,2.35881677599718,"R0.1",78
0.184217475566157,0.391713735890256,0.481672047473584,0.608379244072071,0.81373263444418,"R0.2",78
-105.624977174862,-102.18815580906,-101.993184481462,-100.447997121358,-99.9962766206706,"posterior",79
0.15023907774961,0.184443155936667,0.203169252788323,0.218419539550657,0.252532138188762,"TTBirthRate.1",79
0.0405141707977397,0.0723685841984911,0.0957415684195392,0.111620236850764,0.162716839609132,"TTBirthRate.2",79
0.00351163152246243,0.00609746275373542,0.00848819165841322,0.00982980793489424,0.0153354541571295,"TTSamplingRate",79
0.0249396831328411,0.0363063859471301,0.0481224803386488,0.0531610980526658,0.0763366993218982,"TTNuProb",79
20,33,59,64,116,"HistorySizes",79
0.0252546040440936,0.0369776483330282,0.0493089139599272,0.0546127345200377,0.0793659673134993,"ApproxOmegaRate",79
1.15799308559682,1.65502972656736,1.94750939668787,2.13600361780063,2.71950290369035,"R0.1",79
0.364964269215659,0.7103828710527,0.916141478397383,1.05436065653461,1.46751391483291,"R0.2",79
-90.2037799060091,-87.2180142597547,-86.9457326584298,-85.3743079802979,-84.8765510560103,"posterior",80
0.149419371757721,0.162438039405606,0.174047339869274,0.181006129058589,0.203672756465433,"TTBirthRate.1",80
0.0258316121076216,0.0536156828546089,0.0703687359233442,0.0846124034966245,0.117900254924318,"TTBirthRate.2",80
0.00290102057958804,0.00453221662239447,0.00604802589078163,0.00673204707850377,0.00949594708677942,"TTSamplingRate",80
0.0269366735989864,0.0362795024490667,0.0428762509056222,0.0486496715620166,0.0623576278941685,"TTNuProb",80
51,81,111,125,187,"HistorySizes",80
0.0273044187062364,0.0369497619384357,0.0438155746926707,0.049862570398581,0.0643644346261876,"ApproxOmegaRate",80
1.39701784692145,1.60906836261624,1.82253193392527,1.93449745042498,2.32190865455799,"R0.1",80
0.293806021390375,0.576671979100245,0.744082211995121,0.869499908257746,1.13895480986528,"R0.2",80
-144.820517516322,-141.866261277232,-141.540442971369,-140.158036997822,-139.427595708547,"posterior",81
0.143085941197258,0.164102317942306,0.182073407992214,0.195405288452125,0.23498270488202,"TTBirthRate.1",81
0.0531730681953946,0.0869942394171059,0.114100543881668,0.134367547766977,0.183582954911443,"TTBirthRate.2",81
0.00730707210241046,0.0104315711147006,0.0148689594419296,0.0165959870508843,0.0255878277891902,"TTSamplingRate",81
0.0342930490993379,0.04596265094238,0.0572808397365334,0.0638223422325805,0.08584521724057,"TTNuProb",81
9,24,37,43,75,"HistorySizes",81
0.0348913138691657,0.047043779346947,0.0589697583759509,0.0659261219925172,0.0896951678242197,"ApproxOmegaRate",81
0.998709657068364,1.30333873948534,1.5201217430118,1.66064164387057,2.11954748688514,"R0.1",81
0.470072013149273,0.675656893654806,0.951633304405719,1.02413072168398,1.47339003348464,"R0.2",81
-98.7022612175477,-95.9208741683943,-95.4369820189422,-94.1309777037539,-93.2655248108661,"posterior",82
0.140296695714386,0.167891077398903,0.187978482487759,0.20529469301508,0.250084116669243,"TTBirthRate.1",82
0.0472410021724015,0.108070894268283,0.138513848913075,0.168370548005038,0.239603461012377,"TTBirthRate.2",82
0.00362376141169416,0.00661346296661541,0.0112053772209118,0.0124563720922492,0.0215253822328891,"TTSamplingRate",82
0.0421425799974332,0.058688894384551,0.0798350778820929,0.0876451716455276,0.1257081508803,"TTNuProb",82
4,12,24,27,53,"HistorySizes",82
0.0425825258239364,0.0604631521601943,0.0831543967525833,0.0916620392262076,0.13365185609543,"ApproxOmegaRate",82
0.925633589108008,1.10428436190749,1.33967237216924,1.45346651278376,1.94505239069672,"R0.1",82
0.388154707581529,0.791110982787418,0.976059743782441,1.19648179651295,1.56890154121154,"R0.2",82
-98.5790027987265,-95.7489872174975,-95.2261950085225,-94.1151732059393,-93.2786354853567,"posterior",83
0.174364449854856,0.199333685892874,0.213951123370992,0.226283773004947,0.253875706404055,"TTBirthRate.1",83
0.0718521581239497,0.101487487143791,0.125834263737193,0.138616479461382,0.182338937182861,"TTBirthRate.2",83
0.00598686713558824,0.00925309347840257,0.0120006965389799,0.0133482423244554,0.0182030241221598,"TTSamplingRate",83
0.0486646018683549,0.0639640947932591,0.0728646667761415,0.0823282968680263,0.100411847434992,"TTNuProb",83
31,47,68,74,120,"HistorySizes",83
0.0498782545685893,0.0660773848472905,0.0756196677212574,0.0858627644487493,0.105719597481598,"ApproxOmegaRate",83
1.16484025729558,1.40714387014861,1.58997129357522,1.72319512135358,2.03353890836011,"R0.1",83
0.586979358563736,0.803083812927106,0.939068136045218,1.03216467203932,1.31737795681053,"R0.2",83
-91.8951213282844,-89.1547913988913,-88.5922429583041,-87.374664648076,-86.6630175814121,"posterior",84
0.165873266592787,0.190826056168505,0.212484861130231,0.224029242046971,0.265218623243612,"TTBirthRate.1",84
0.0453874402723035,0.0843177008035868,0.0984108624941274,0.121222412643776,0.147748581678974,"TTBirthRate.2",84
0.00264869619911358,0.00363721483531649,0.00541829505225477,0.00603889639903338,0.0100276621502412,"TTSamplingRate",84
0.0160610575594643,0.0245585290532702,0.0318627831510485,0.0363457240787712,0.0514131804598363,"TTNuProb",84
65,111,175,191,313,"HistorySizes",84
0.0161910804973734,0.0248638387058873,0.0323786196188717,0.037018455360957,0.0527697097653252,"ApproxOmegaRate",84
1.61839728114695,2.13855914481429,2.51764541847776,2.81253847605493,3.49532577044818,"R0.1",84
0.588167977525519,0.937451826591621,1.15032229218503,1.31343533081436,1.68932402079374,"R0.2",84
-126.965713017933,-124.056324492361,-123.483026184332,-122.216385430454,-121.407216499363,"posterior",85
0.162594640516931,0.187761647058684,0.200137953806727,0.213547287312376,0.241892367519888,"TTBirthRate.1",85
0.0493896508669107,0.0774216950628801,0.094777055335147,0.110528083862796,0.151268741472666,"TTBirthRate.2",85
0.00500133510503171,0.00701887266113493,0.00966314072400337,0.0106606607012272,0.0156916576082875,"TTSamplingRate",85
0.0313965650533936,0.0436360559981818,0.051250078796553,0.058052226286275,0.0742195337941211,"TTNuProb",85
31,50,79,87,140,"HistorySizes",85
0.0308838425432925,0.04460934391269,0.0525979021103987,0.059787628763319,0.0760519160570601,"ApproxOmegaRate",85
1.24381777736492,1.59400057620575,1.83622540333005,1.97766395764583,2.39137455089616,"R0.1",85
0.451212205690996,0.709512946731087,0.870636009604379,0.986556062593148,1.31818114494846,"R0.2",85
-130.663684937058,-127.031362164867,-126.806844142012,-125.289863238506,-124.779807123815,"posterior",86
0.139360302632576,0.164884945962321,0.186620661296964,0.200176652470432,0.23949506787925,"TTBirthRate.1",86
0.0096402684994662,0.0654620511561695,0.0909020092751776,0.118897973346512,0.177134512318049,"TTBirthRate.2",86
0.00837386144096822,0.0123576150173698,0.0167749061109392,0.0194142949085361,0.0288804378853731,"TTSamplingRate",86
0.0295031754514264,0.0482714425451543,0.0598953670362446,0.0694958219433416,0.0907069717635084,"TTNuProb",86
4,9,21,22,45,"HistorySizes",86
0.029944910424492,0.0494653238133716,0.0617444709100528,0.0719975877113092,0.0950162918127757,"ApproxOmegaRate",86
0.867515279254427,1.2629449951278,1.48744912341641,1.6607391598926,2.10578037570582,"R0.1",86
0.18781337573691,0.546213412850509,0.733722119189156,0.943514126268622,1.38282902402798,"R0.2",86
-152.109304979161,-149.153261385408,-148.640324497513,-147.505270839725,-146.639611775226,"posterior",87
0.134304556451088,0.155598292970783,0.169290311519308,0.17844107237255,0.201128797214991,"TTBirthRate.1",87
0.0172622145362624,0.0420118648497169,0.0610193635443816,0.0801963562983823,0.11837469987703,"TTBirthRate.2",87
0.00421090887797159,0.00722784118934838,0.0089885248925269,0.0109403814955037,0.0154763224072077,"TTSamplingRate",87
0.0194714327634646,0.0292862204605371,0.0384291850121121,0.0420064168418959,0.0567782137705306,"TTNuProb",87
19,39,53,66,101,"HistorySizes",87
0.0196628648387874,0.029721434705126,0.0391820521782686,0.042907614410199,0.0584371935029611,"ApproxOmegaRate",87
1.24641637417746,1.57419237203491,1.78838512051399,1.95918378590646,2.39776884134236,"R0.1",87
0.173681347324812,0.483776827633764,0.636623994804763,0.860361619273282,1.186271147614,"R0.2",87
-73.0917898557147,-69.8612700591585,-69.5544652848689,-68.0336846127649,-67.4689659908836,"posterior",88
0.156689178494857,0.177540602160687,0.193147340187625,0.203313164905169,0.229333475662256,"TTBirthRate.1",88
0.0219686771232682,0.04942103790695,0.0717725331551788,0.0877165870174853,0.135744693554031,"TTBirthRate.2",88
0.00355373521917594,0.00538451868304576,0.00715103414636286,0.00828761921133005,0.0126651892330055,"TTSamplingRate",88
0.0336025293645974,0.0506021752817519,0.0596900852712978,0.0690561871649432,0.0845337102975445,"TTNuProb",88
23,35,53,59,99,"HistorySizes",88
0.0341767418504046,0.0519156989303254,0.0615263415583214,0.0715258379927205,0.0882643675349418,"ApproxOmegaRate",88
1.24169506698722,1.49774141623502,1.66948599756179,1.81204032416645,2.15958068410544,"R0.1",88
0.213973755334547,0.46216569442471,0.627819997800366,0.747053622051904,1.07602873224406,"R0.2",88
-61.521053713575,-58.2402537489165,-57.8482565489559,-56.2814038040316,-55.4825498480859,"posterior",89
0.0981865313027239,0.131738690330576,0.161033463363978,0.172540883876117,0.230254570601361,"TTBirthRate.1",89
0.011562704263063,0.0342086479717059,0.0797119701093051,0.0931141159305437,0.198450623385742,"TTBirthRate.2",89
0.00235767905184495,0.0059058519663766,0.0106073104341486,0.0122247973946138,0.0241326947517962,"TTSamplingRate",89
0.0178909107333102,0.0352949324495991,0.0542159613167781,0.063953651888256,0.0990320316028589,"TTNuProb",89
0,2,10,10,27,"HistorySizes",89
0.0180523976507561,0.0334448391314801,0.0557265968256867,0.0635381706013355,0.104191162869894,"ApproxOmegaRate",89
0.663812703091743,1.05010167458943,1.41515581720296,1.6153298468378,2.41294702298226,"R0.1",89
0.146578555004708,0.420680087127661,0.696996312545826,0.921352574427311,1.58153017894067,"R0.2",89
-77.8472434872882,-74.6982141827113,-74.1782613323202,-72.9114531514916,-72.0412837831771,"posterior",90
0.118803551780194,0.148467327513961,0.177048579257815,0.195686588026525,0.256836740408269,"TTBirthRate.1",90
0.0584822104018988,0.109634888494541,0.13942301121333,0.166849800016853,0.229355858806542,"TTBirthRate.2",90
0.00299431847659634,0.00435379483464993,0.00908390475471555,0.00986649876276232,0.0202452406200402,"TTSamplingRate",90
0.0150071903137017,0.0284767470926553,0.0408098480800685,0.0487742679005032,0.0759511984729854,"TTNuProb",90
9,25,50,57,126,"HistorySizes",90
0.0151206495464066,0.0288880661698121,0.0416599154911803,0.0499934652337971,0.0789493472439026,"ApproxOmegaRate",90
0.827036514620089,1.34782717658199,1.80856222894595,2.08623140424279,2.99438423375315,"R0.1",90
0.617935323738778,0.992062865511607,1.39541293574211,1.57764715287815,2.38148882270412,"R0.2",90
-98.8094765113679,-96.103434782109,-95.4834678732308,-94.3198507487459,-93.3655894680277,"posterior",91
0.10588829552377,0.14396111670516,0.168433060208373,0.187608304369036,0.235144763207714,"TTBirthRate.1",91
0.0435764989688584,0.0917688808417958,0.13435090610796,0.164552497241384,0.247687553284764,"TTBirthRate.2",91
0.0084673794367741,0.0111186947240911,0.0210165105902854,0.0225115131385757,0.0407976351669675,"TTSamplingRate",91
0.0322846450825061,0.0462244699080394,0.0665553831430943,0.0739090977592437,0.111761763192567,"TTNuProb",91
0,2,11,11,30,"HistorySizes",91
0.0328143448205798,0.0473180968807238,0.0688464335236969,0.0767451813133639,0.11837676095526,"ApproxOmegaRate",91
0.730301060194211,0.997062857624812,1.22686026453291,1.40908805963666,1.95699483992078,"R0.1",91
0.323008848299733,0.656213944105375,0.943723786578406,1.13473403745395,1.7383863020794,"R0.2",91
-55.5386622223175,-52.6340404425392,-51.7454313894823,-50.6906027279705,-49.4835891558867,"posterior",92
0.0681217008197754,0.109584815658006,0.142161884902849,0.162248213363739,0.22699690513182,"TTBirthRate.1",92
0.0490200811017889,0.117042704340889,0.172336695404033,0.207064940682912,0.309842783612614,"TTBirthRate.2",92
0.00391983917934978,0.00696986649691146,0.0149709568336315,0.0168948635274886,0.034845710094129,"TTSamplingRate",92
0.0167184783559069,0.0378234638504562,0.0632834748798959,0.0725678271955742,0.124457780536595,"TTNuProb",92
0,2,11,12,37,"HistorySizes",92
0.0168594101981525,0.0358724694094052,0.0653513036720451,0.0725603369394471,0.132716586430352,"ApproxOmegaRate",92
0.40506061152839,0.758853128666647,1.09557592217914,1.27707071396951,2.05612277941962,"R0.1",92
0.489767785261963,0.789698884055718,1.34046022626655,1.50603853446264,2.46633760215514,"R0.2",92
-134.747438880545,-132.004109356731,-131.32143603781,-130.149921904211,-129.173091338236,"posterior",93
0.148779828894632,0.16888632779373,0.182057475633194,0.1940657243804,0.227519725683977,"TTBirthRate.1",93
0.0242905927404098,0.0564798751422533,0.0762096525703024,0.0927949201004481,0.132497987027175,"TTBirthRate.2",93
0.00368809475439726,0.00620533391183027,0.00854181236930878,0.00986963469056999,0.0147699734786141,"TTSamplingRate",93
0.021053107690071,0.0320068257904169,0.0395434128299961,0.0446989994177635,0.0612531690828044,"TTNuProb",93
25,45,66,78,133,"HistorySizes",93
0.0212770820398285,0.0325273747997343,0.0403410237072156,0.0457208372567225,0.0631884143984146,"ApproxOmegaRate",93
1.31078119074023,1.67692911140772,1.90186823573382,2.12048464792468,2.61161644350635,"R0.1",93
0.293171607451862,0.582084882736373,0.791149258042061,0.93349368053238,1.34872231464121,"R0.2",93
-72.8504396167876,-69.2926554522128,-68.9783821377862,-67.4302753152067,-66.8983864997764,"posterior",94
0.109477381778463,0.145981280663038,0.162971027957932,0.185446349296918,0.228248804892058,"TTBirthRate.1",94
0.00905508238101973,0.0296955608949484,0.0664711482542174,0.0761909115892555,0.146364465762098,"TTBirthRate.2",94
0.00210142631532608,0.00436923294481642,0.00794292968227572,0.00896205865366829,0.0173041907606465,"TTSamplingRate",94
0.0099242402389552,0.0224094722807597,0.0306769817448573,0.0380604782441451,0.0597689582441655,"TTNuProb",94
3,9,27,29,77,"HistorySizes",94
0.00997373109066645,0.0204297519686639,0.0311548501291959,0.0365563532537015,0.0616101453464809,"ApproxOmegaRate",94
1.01833278652268,1.3827800834566,1.89927249847517,2.09199421673177,3.16380259348728,"R0.1",94
0.138548085483568,0.387546267621143,0.784401691497575,0.913777891032231,1.70842136694211,"R0.2",94
-139.621056505527,-136.116726846292,-135.709900132706,-134.361642164716,-133.791409449281,"posterior",95
0.142814121386378,0.170618847684383,0.194076815209491,0.206640411424007,0.251449665980309,"TTBirthRate.1",95
0.0347439128060481,0.0708130845446088,0.0961371996788434,0.114638359937875,0.158088382540346,"TTBirthRate.2",95
0.00373921559052317,0.00595970583107615,0.00948771321982713,0.0103407627271897,0.0178440158018506,"TTSamplingRate",95
0.0171991082453293,0.025419604805296,0.0347339040397313,0.0392995772581874,0.059523434073423,"TTNuProb",95
24,46,77,86,171,"HistorySizes",95
0.0173482958544658,0.025746842080633,0.0353477873669414,0.0400872839138082,0.0613492944141797,"ApproxOmegaRate",95
1.25689258318768,1.69544946852821,2.09669482556635,2.35779287361856,3.22411328795322,"R0.1",95
0.400538363190262,0.846774006805866,1.04407878058784,1.27055002306482,1.61640816130749,"R0.2",95
-55.7253128382297,-52.1897116861901,-51.6345443551459,-50.0976279117354,-49.2621945019963,"posterior",96
0.0656574436636608,0.0959127432947437,0.122624172734817,0.134410952377146,0.188859770250372,"TTBirthRate.1",96
0.011903155058216,0.0357305649940311,0.0818724158575035,0.0992237891550368,0.204364776834831,"TTBirthRate.2",96
0.00257412137537971,0.00671119060498793,0.0132770400178703,0.0151732807028001,0.0301999654823314,"TTSamplingRate",96
0.0136130603891518,0.0248789662669213,0.0400439984861495,0.0473053330115877,0.0816906894169812,"TTNuProb",96
0,0,7,7,30,"HistorySizes",96
0.0137063530953529,0.0239763335521251,0.0408621402268417,0.0472160438703154,0.0851694655979682,"ApproxOmegaRate",96
0.548471195907677,0.865697917474441,1.20386242779355,1.38220942928128,2.00732553470836,"R0.1",96
0.0958827081700482,0.336107460580767,0.80120397402417,0.983916519387484,2.06905647224578,"R0.2",96
-86.7699499608825,-83.3043743783043,-83.161393786632,-81.547784349766,-81.3202317661167,"posterior",97
0.175297128521425,0.192411497575665,0.208063032215003,0.214955825410207,0.240421754257518,"TTBirthRate.1",97
0.0322475702067727,0.0520469663519684,0.0719993564568386,0.0816756054717008,0.121692048077147,"TTBirthRate.2",97
0.00458179764703898,0.00669014099455244,0.00830161040391545,0.0096605684351949,0.0132755597765585,"TTSamplingRate",97
0.035139467640901,0.0459063621573346,0.0530169454310034,0.0603975041580672,0.0774440883811792,"TTNuProb",97
41,67,90,101,156,"HistorySizes",97
0.0357679001254211,0.0459264225417262,0.0544606131076367,0.0612055253802819,0.0805636787082776,"ApproxOmegaRate",97
1.45801698191027,1.69669034087105,1.90834178021137,2.04587220363367,2.47034017072801,"R0.1",97
0.34245570392962,0.537327080148377,0.654782992739107,0.77507967870917,1.05295195652265,"R0.2",97
-133.396292407906,-130.471211590801,-129.982137770959,-128.862305901402,-127.95588986604,"posterior",98
0.144502449359157,0.161706692254397,0.18037238942598,0.186431077306183,0.213938405851467,"TTBirthRate.1",98
0.0924218801109479,0.122114958523615,0.145548022197609,0.159233619523923,0.201693419904386,"TTBirthRate.2",98
0.00534540203047526,0.00773164079933095,0.0100237151124745,0.0114481180948503,0.0162177798325063,"TTSamplingRate",98
0.0297447186638004,0.0426486003988822,0.0502162219249159,0.0568761959111596,0.0731970493009635,"TTNuProb",98
51,81,121,132,206,"HistorySizes",98
0.0301937712798597,0.0435778679368185,0.0515095288919592,0.0585409903285392,0.0759777218261036,"ApproxOmegaRate",98
1.21616050649072,1.49443467546688,1.67803082069355,1.83533265121437,2.23808838879166,"R0.1",98
0.896328891133505,1.20793484197723,1.35127981459989,1.53501002318511,1.85201319949719,"R0.2",98
-163.842095973457,-160.684364158787,-160.385632940585,-159.0088186039,-158.480178422615,"posterior",99
0.172167665638063,0.200616462209755,0.215204151366013,0.230425031130246,0.258840448205277,"TTBirthRate.1",99
0.0262792125251179,0.0468267695542278,0.071616930540123,0.0834573082509464,0.130436979340754,"TTBirthRate.2",99
0.00728996392570172,0.0110807499225458,0.0135492504891787,0.0160663362120177,0.0212985550366639,"TTSamplingRate",99
0.0305365019840614,0.0405268228701709,0.0508292043872448,0.0550030963401561,0.0731218415495315,"TTNuProb",99
17,30,49,53,92,"HistorySizes",99
0.0310099699891105,0.0413650192747555,0.0521546952187592,0.0565585438585104,0.0758966945874084,"ApproxOmegaRate",99
1.38143672177315,1.61646279469085,1.9146394882179,2.03951561723383,2.63787223059883,"R0.1",99
0.223695638861485,0.513339764084911,0.640125640656795,0.794986426751125,1.054802089963,"R0.2",99
-110.265155819563,-107.149278604586,-106.593794888545,-105.340290472629,-104.555558788798,"posterior",100
0.12548104144399,0.148216062907323,0.165489908859966,0.177703949320692,0.214929860658981,"TTBirthRate.1",100
0.00959910385466675,0.0261027629670402,0.0541602913720592,0.0649626888364112,0.130959801867779,"TTBirthRate.2",100
0.00383775374704711,0.0078400342045145,0.0111921629104066,0.0130460547571818,0.0199918511570512,"TTSamplingRate",100
0.0287373375838533,0.0412962672755333,0.0550636710322591,0.0604144447589266,0.0843088037876468,"TTNuProb",100
1,7,14,16,33,"HistorySizes",100
0.0291562744344078,0.0421669358010485,0.0566225950044171,0.0622962411693333,0.0880192005416526,"ApproxOmegaRate",100
0.947712797468835,1.24454697462455,1.44373844344559,1.58993434713938,2.0304132201396,"R0.1",100
0.0553211852015511,0.247670516129389,0.472575681524754,0.586548812411895,1.04114706341994,"R0.2",100
